[
    {
        "name": "guzzlehttp/guzzle",
        "version": "6.3.3",
        "version_normalized": "6.3.3.0",
        "source": {
            "type": "git",
            "url": "https://github.com/guzzle/guzzle.git",
            "reference": "407b0cb880ace85c9b63c5f9551db498cb2d50ba"
        },
        "dist": {
            "type": "zip",
            "url": "https://api.github.com/repos/guzzle/guzzle/zipball/407b0cb880ace85c9b63c5f9551db498cb2d50ba",
            "reference": "407b0cb880ace85c9b63c5f9551db498cb2d50ba",
            "shasum": ""
        },
        "require": {
            "guzzlehttp/promises": "^1.0",
            "guzzlehttp/psr7": "^1.4",
            "php": ">=5.5"
        },
        "require-dev": {
            "ext-curl": "*",
            "phpunit/phpunit": "^4.8.35 || ^5.7 || ^6.4 || ^7.0",
            "psr/log": "^1.0"
        },
        "suggest": {
            "psr/log": "Required for using the Log middleware"
        },
        "time": "2018-04-22T15:46:56+00:00",
        "type": "library",
        "extra": {
            "branch-alias": {
                "dev-master": "6.3-dev"
            }
        },
        "installation-source": "dist",
        "autoload": {
            "files": [
                "src/functions_include.php"
            ],
            "psr-4": {
                "GuzzleHttp\\": "src/"
            }
        },
        "notification-url": "https://packagist.org/downloads/",
        "license": [
            "MIT"
        ],
        "authors": [
            {
                "name": "Michael Dowling",
                "email": "mtdowling@gmail.com",
                "homepage": "https://github.com/mtdowling"
            }
        ],
        "description": "Guzzle is a PHP HTTP client library",
        "homepage": "http://guzzlephp.org/",
        "keywords": [
            "client",
            "curl",
            "framework",
            "http",
            "http client",
            "rest",
            "web service"
        ]
    },
    {
        "name": "guzzlehttp/promises",
        "version": "v1.3.1",
        "version_normalized": "1.3.1.0",
        "source": {
            "type": "git",
            "url": "https://github.com/guzzle/promises.git",
            "reference": "a59da6cf61d80060647ff4d3eb2c03a2bc694646"
        },
        "dist": {
            "type": "zip",
            "url": "https://api.github.com/repos/guzzle/promises/zipball/a59da6cf61d80060647ff4d3eb2c03a2bc694646",
            "reference": "a59da6cf61d80060647ff4d3eb2c03a2bc694646",
            "shasum": ""
        },
        "require": {
            "php": ">=5.5.0"
        },
        "require-dev": {
            "phpunit/phpunit": "^4.0"
        },
        "time": "2016-12-20T10:07:11+00:00",
        "type": "library",
        "extra": {
            "branch-alias": {
                "dev-master": "1.4-dev"
            }
        },
        "installation-source": "dist",
        "autoload": {
            "psr-4": {
                "GuzzleHttp\\Promise\\": "src/"
            },
            "files": [
                "src/functions_include.php"
            ]
        },
        "notification-url": "https://packagist.org/downloads/",
        "license": [
            "MIT"
        ],
        "authors": [
            {
                "name": "Michael Dowling",
                "email": "mtdowling@gmail.com",
                "homepage": "https://github.com/mtdowling"
            }
        ],
        "description": "Guzzle promises library",
        "keywords": [
            "promise"
        ]
    },
    {
        "name": "guzzlehttp/psr7",
        "version": "1.6.1",
        "version_normalized": "1.6.1.0",
        "source": {
            "type": "git",
            "url": "https://github.com/guzzle/psr7.git",
            "reference": "239400de7a173fe9901b9ac7c06497751f00727a"
        },
        "dist": {
            "type": "zip",
            "url": "https://api.github.com/repos/guzzle/psr7/zipball/239400de7a173fe9901b9ac7c06497751f00727a",
            "reference": "239400de7a173fe9901b9ac7c06497751f00727a",
            "shasum": ""
        },
        "require": {
            "php": ">=5.4.0",
            "psr/http-message": "~1.0",
            "ralouphie/getallheaders": "^2.0.5 || ^3.0.0"
        },
        "provide": {
            "psr/http-message-implementation": "1.0"
        },
        "require-dev": {
            "ext-zlib": "*",
            "phpunit/phpunit": "~4.8.36 || ^5.7.27 || ^6.5.8"
        },
        "suggest": {
            "zendframework/zend-httphandlerrunner": "Emit PSR-7 responses"
        },
        "time": "2019-07-01T23:21:34+00:00",
        "type": "library",
        "extra": {
            "branch-alias": {
                "dev-master": "1.6-dev"
            }
        },
        "installation-source": "dist",
        "autoload": {
            "psr-4": {
                "GuzzleHttp\\Psr7\\": "src/"
            },
            "files": [
                "src/functions_include.php"
            ]
        },
        "notification-url": "https://packagist.org/downloads/",
        "license": [
            "MIT"
        ],
        "authors": [
            {
                "name": "Michael Dowling",
                "email": "mtdowling@gmail.com",
                "homepage": "https://github.com/mtdowling"
            },
            {
                "name": "Tobias Schultze",
                "homepage": "https://github.com/Tobion"
            }
        ],
        "description": "PSR-7 message implementation that also provides common utility methods",
        "keywords": [
            "http",
            "message",
            "psr-7",
            "request",
            "response",
            "stream",
            "uri",
            "url"
        ]
    },
    {
        "name": "kunalvarma05/dropbox-php-sdk",
        "version": "v0.2.1",
        "version_normalized": "0.2.1.0",
        "source": {
            "type": "git",
            "url": "https://github.com/kunalvarma05/dropbox-php-sdk.git",
            "reference": "27036f20b7eeb59d5e559e03d4280851f6eb789b"
        },
        "dist": {
            "type": "zip",
            "url": "https://api.github.com/repos/kunalvarma05/dropbox-php-sdk/zipball/27036f20b7eeb59d5e559e03d4280851f6eb789b",
            "reference": "27036f20b7eeb59d5e559e03d4280851f6eb789b",
            "shasum": ""
        },
        "require": {
            "guzzlehttp/guzzle": "~6.0",
            "tightenco/collect": "^5.2"
        },
        "require-dev": {
            "phpunit/phpunit": "^6.0"
        },
        "time": "2017-06-26T09:37:16+00:00",
        "type": "library",
        "installation-source": "dist",
        "autoload": {
            "psr-4": {
                "Kunnu\\Dropbox\\": "src/Dropbox"
            }
        },
        "notification-url": "https://packagist.org/downloads/",
        "license": [
            "MIT"
        ],
        "authors": [
            {
                "name": "Kunal Varma",
                "email": "kunalvarma05@gmail.com"
            }
        ],
        "description": "Dropbox PHP API V2 SDK (Unofficial)",
        "keywords": [
            "api",
            "client",
            "dropbox",
            "php",
            "sdk",
            "unofficial"
        ]
    },
    {
        "name": "psr/http-message",
        "version": "1.0.1",
        "version_normalized": "1.0.1.0",
        "source": {
            "type": "git",
            "url": "https://github.com/php-fig/http-message.git",
            "reference": "f6561bf28d520154e4b0ec72be95418abe6d9363"
        },
        "dist": {
            "type": "zip",
            "url": "https://api.github.com/repos/php-fig/http-message/zipball/f6561bf28d520154e4b0ec72be95418abe6d9363",
            "reference": "f6561bf28d520154e4b0ec72be95418abe6d9363",
            "shasum": ""
        },
        "require": {
            "php": ">=5.3.0"
        },
        "time": "2016-08-06T14:39:51+00:00",
        "type": "library",
        "extra": {
            "branch-alias": {
                "dev-master": "1.0.x-dev"
            }
        },
        "installation-source": "dist",
        "autoload": {
            "psr-4": {
                "Psr\\Http\\Message\\": "src/"
            }
        },
        "notification-url": "https://packagist.org/downloads/",
        "license": [
            "MIT"
        ],
        "authors": [
            {
                "name": "PHP-FIG",
                "homepage": "http://www.php-fig.org/"
            }
        ],
        "description": "Common interface for HTTP messages",
        "homepage": "https://github.com/php-fig/http-message",
        "keywords": [
            "http",
            "http-message",
            "psr",
            "psr-7",
            "request",
            "response"
        ]
    },
    {
        "name": "ralouphie/getallheaders",
        "version": "3.0.3",
        "version_normalized": "3.0.3.0",
        "source": {
            "type": "git",
            "url": "https://github.com/ralouphie/getallheaders.git",
            "reference": "120b605dfeb996808c31b6477290a714d356e822"
        },
        "dist": {
            "type": "zip",
            "url": "https://api.github.com/repos/ralouphie/getallheaders/zipball/120b605dfeb996808c31b6477290a714d356e822",
            "reference": "120b605dfeb996808c31b6477290a714d356e822",
            "shasum": ""
        },
        "require": {
            "php": ">=5.6"
        },
        "require-dev": {
            "php-coveralls/php-coveralls": "^2.1",
            "phpunit/phpunit": "^5 || ^6.5"
        },
        "time": "2019-03-08T08:55:37+00:00",
        "type": "library",
        "installation-source": "dist",
        "autoload": {
            "files": [
                "src/getallheaders.php"
            ]
        },
        "notification-url": "https://packagist.org/downloads/",
        "license": [
            "MIT"
        ],
        "authors": [
            {
                "name": "Ralph Khattar",
                "email": "ralph.khattar@gmail.com"
            }
        ],
        "description": "A polyfill for getallheaders."
    },
    {
        "name": "symfony/polyfill-mbstring",
        "version": "v1.12.0",
        "version_normalized": "1.12.0.0",
        "source": {
            "type": "git",
            "url": "https://github.com/symfony/polyfill-mbstring.git",
            "reference": "b42a2f66e8f1b15ccf25652c3424265923eb4f17"
        },
        "dist": {
            "type": "zip",
            "url": "https://api.github.com/repos/symfony/polyfill-mbstring/zipball/b42a2f66e8f1b15ccf25652c3424265923eb4f17",
            "reference": "b42a2f66e8f1b15ccf25652c3424265923eb4f17",
            "shasum": ""
        },
        "require": {
            "php": ">=5.3.3"
        },
        "suggest": {
            "ext-mbstring": "For best performance"
        },
        "time": "2019-08-06T08:03:45+00:00",
        "type": "library",
        "extra": {
            "branch-alias": {
                "dev-master": "1.12-dev"
            }
        },
        "installation-source": "dist",
        "autoload": {
            "psr-4": {
                "Symfony\\Polyfill\\Mbstring\\": ""
            },
            "files": [
                "bootstrap.php"
            ]
        },
        "notification-url": "https://packagist.org/downloads/",
        "license": [
            "MIT"
        ],
        "authors": [
            {
                "name": "Nicolas Grekas",
                "email": "p@tchwork.com"
            },
            {
                "name": "Symfony Community",
                "homepage": "https://symfony.com/contributors"
            }
        ],
        "description": "Symfony polyfill for the Mbstring extension",
        "homepage": "https://symfony.com",
        "keywords": [
            "compatibility",
            "mbstring",
            "polyfill",
            "portable",
            "shim"
        ]
    },
    {
        "name": "symfony/polyfill-php72",
        "version": "v1.12.0",
        "version_normalized": "1.12.0.0",
        "source": {
            "type": "git",
            "url": "https://github.com/symfony/polyfill-php72.git",
            "reference": "04ce3335667451138df4307d6a9b61565560199e"
        },
        "dist": {
            "type": "zip",
            "url": "https://api.github.com/repos/symfony/polyfill-php72/zipball/04ce3335667451138df4307d6a9b61565560199e",
            "reference": "04ce3335667451138df4307d6a9b61565560199e",
            "shasum": ""
        },
        "require": {
            "php": ">=5.3.3"
        },
        "time": "2019-08-06T08:03:45+00:00",
        "type": "library",
        "extra": {
            "branch-alias": {
                "dev-master": "1.12-dev"
            }
        },
        "installation-source": "dist",
        "autoload": {
            "psr-4": {
                "Symfony\\Polyfill\\Php72\\": ""
            },
            "files": [
                "bootstrap.php"
            ]
        },
        "notification-url": "https://packagist.org/downloads/",
        "license": [
            "MIT"
        ],
        "authors": [
            {
                "name": "Nicolas Grekas",
                "email": "p@tchwork.com"
            },
            {
                "name": "Symfony Community",
                "homepage": "https://symfony.com/contributors"
            }
        ],
        "description": "Symfony polyfill backporting some PHP 7.2+ features to lower PHP versions",
        "homepage": "https://symfony.com",
        "keywords": [
            "compatibility",
            "polyfill",
            "portable",
            "shim"
        ]
    },
    {
        "name": "symfony/var-dumper",
        "version": "v4.3.4",
        "version_normalized": "4.3.4.0",
        "source": {
            "type": "git",
            "url": "https://github.com/symfony/var-dumper.git",
            "reference": "641043e0f3e615990a0f29479f9c117e8a6698c6"
        },
        "dist": {
            "type": "zip",
            "url": "https://api.github.com/repos/symfony/var-dumper/zipball/641043e0f3e615990a0f29479f9c117e8a6698c6",
            "reference": "641043e0f3e615990a0f29479f9c117e8a6698c6",
            "shasum": ""
        },
        "require": {
            "php": "^7.1.3",
            "symfony/polyfill-mbstring": "~1.0",
            "symfony/polyfill-php72": "~1.5"
        },
        "conflict": {
            "phpunit/phpunit": "<4.8.35|<5.4.3,>=5.0",
            "symfony/console": "<3.4"
        },
        "require-dev": {
            "ext-iconv": "*",
            "symfony/console": "~3.4|~4.0",
            "symfony/process": "~3.4|~4.0",
            "twig/twig": "~1.34|~2.4"
        },
        "suggest": {
            "ext-iconv": "To convert non-UTF-8 strings to UTF-8 (or symfony/polyfill-iconv in case ext-iconv cannot be used).",
            "ext-intl": "To show region name in time zone dump",
            "symfony/console": "To use the ServerDumpCommand and/or the bin/var-dump-server script"
        },
        "time": "2019-08-26T08:26:39+00:00",
        "bin": [
            "Resources/bin/var-dump-server"
        ],
        "type": "library",
        "extra": {
            "branch-alias": {
                "dev-master": "4.3-dev"
            }
        },
        "installation-source": "dist",
        "autoload": {
            "files": [
                "Resources/functions/dump.php"
            ],
            "psr-4": {
                "Symfony\\Component\\VarDumper\\": ""
            },
            "exclude-from-classmap": [
                "/Tests/"
            ]
        },
        "notification-url": "https://packagist.org/downloads/",
        "license": [
            "MIT"
        ],
        "authors": [
            {
                "name": "Nicolas Grekas",
                "email": "p@tchwork.com"
            },
            {
                "name": "Symfony Community",
                "homepage": "https://symfony.com/contributors"
            }
        ],
        "description": "Symfony mechanism for exploring and dumping PHP variables",
        "homepage": "https://symfony.com",
        "keywords": [
            "debug",
            "dump"
        ]
    },
    {
        "name": "tightenco/collect",
        "version": "v5.8.35",
        "version_normalized": "5.8.35.0",
        "source": {
            "type": "git",
            "url": "https://github.com/tightenco/collect.git",
            "reference": "c93a7039e6207ad533a09109838fe80933fcc72c"
        },
        "dist": {
            "type": "zip",
            "url": "https://api.github.com/repos/tightenco/collect/zipball/c93a7039e6207ad533a09109838fe80933fcc72c",
            "reference": "c93a7039e6207ad533a09109838fe80933fcc72c",
            "shasum": ""
        },
        "require": {
            "php": "^7.1.3",
            "symfony/var-dumper": ">=3.4 <5"
        },
        "require-dev": {
            "mockery/mockery": "^1.0",
            "nesbot/carbon": "^1.26.3",
            "phpunit/phpunit": "^7.0"
        },
        "time": "2019-09-17T18:57:01+00:00",
        "type": "library",
        "installation-source": "dist",
        "autoload": {
            "files": [
                "src/Collect/Support/helpers.php",
                "src/Collect/Support/alias.php"
            ],
            "psr-4": {
                "Tightenco\\Collect\\": "src/Collect"
            }
        },
        "notification-url": "https://packagist.org/downloads/",
        "license": [
            "MIT"
        ],
        "authors": [
            {
                "name": "Taylor Otwell",
                "email": "taylorotwell@gmail.com"
            }
        ],
        "description": "Collect - Illuminate Collections as a separate package.",
        "keywords": [
            "collection",
            "laravel"
        ]
    }
]
