/*
SQLyog Ultimate v13.1.1 (64 bit)
MySQL - 10.4.8-MariaDB : Database - dynamic_form
*********************************************************************
*/

/*!40101 SET NAMES utf8 */;

/*!40101 SET SQL_MODE=''*/;

/*!40014 SET @OLD_UNIQUE_CHECKS=@@UNIQUE_CHECKS, UNIQUE_CHECKS=0 */;
/*!40014 SET @OLD_FOREIGN_KEY_CHECKS=@@FOREIGN_KEY_CHECKS, FOREIGN_KEY_CHECKS=0 */;
/*!40101 SET @OLD_SQL_MODE=@@SQL_MODE, SQL_MODE='NO_AUTO_VALUE_ON_ZERO' */;
/*!40111 SET @OLD_SQL_NOTES=@@SQL_NOTES, SQL_NOTES=0 */;
CREATE DATABASE /*!32312 IF NOT EXISTS*/`dynamic_form` /*!40100 DEFAULT CHARACTER SET latin1 */;

USE `dynamic_form`;

/*Table structure for table `form_inputs` */

DROP TABLE IF EXISTS `form_inputs`;

CREATE TABLE `form_inputs` (
  `id` bigint(20) NOT NULL AUTO_INCREMENT,
  `form_id` bigint(20) DEFAULT NULL,
  `html` text DEFAULT NULL,
  `input_key` varchar(100) DEFAULT NULL,
  `created_at` timestamp NULL DEFAULT current_timestamp(),
  `updated_at` timestamp NULL DEFAULT current_timestamp(),
  PRIMARY KEY (`id`),
  KEY `id` (`id`),
  KEY `form_id` (`form_id`),
  CONSTRAINT `form_inputs_ibfk_1` FOREIGN KEY (`form_id`) REFERENCES `forms` (`id`)
) ENGINE=InnoDB AUTO_INCREMENT=488 DEFAULT CHARSET=latin1;

/*Data for the table `form_inputs` */

insert  into `form_inputs`(`id`,`form_id`,`html`,`input_key`,`created_at`,`updated_at`) values 
(17,7,'<div id=card-input-0 data-id=0 class=card-input><div class=form-group><label>Product Name</label><input class=form-control type=text name=input_value[] placeholder=text></div></div><input type=hidden name=input_label[] value=Product Name>',NULL,'2019-06-03 01:50:01','2019-06-03 01:50:01'),
(18,7,'<div id=card-input-1 data-id=1 class=card-input><div class=form-group><label>Price</label><input class=form-control type=number name=input_value[] placeholder=number></div></div><input type=hidden name=input_label[] value=Price>',NULL,'2019-06-03 01:50:01','2019-06-03 01:50:01'),
(19,8,'<div id=card-input-0 data-id=0 class=card-input><div class=form-group><label>Nama</label><input class=form-control type=text name=input_value[] placeholder=text></div></div><input type=hidden name=input_label[] value=Nama>',NULL,'2019-06-03 01:53:42','2019-06-03 01:53:42'),
(20,8,'<div id=card-input-1 data-id=1 class=card-input><div class=form-group><label>Name</label><input class=form-control type=text name=input_value[] placeholder=text></div></div><input type=hidden name=input_label[] value=Name>',NULL,'2019-06-03 01:53:43','2019-06-03 01:53:43'),
(21,8,'<div id=card-input-2 data-id=2 class=card-input><div class=form-group><label>Name</label><div class=check><div class=form-check><label class=form-check-label><input type=radio name=input_value[] value=A>A</label></div><div class=form-check><label class=form-check-label><input type=radio name=input_value[] value=B>B</label></div><div class=form-check><label class=form-check-label><input type=radio name=input_value[] value=C>C</label></div></div></div></div><input type=hidden name=input_label[] value=Name>',NULL,'2019-06-03 01:53:43','2019-06-03 01:53:43'),
(22,8,'<div id=card-input-3 data-id=3 class=card-input><div class=form-group><label>Name</label><div class=check><div class=form-check><label class=form-check-label><input type=checkbox name=input_value[] value=1>1</label></div><div class=form-check><label class=form-check-label><input type=checkbox name=input_value[] value=2>2</label></div><div class=form-check><label class=form-check-label><input type=checkbox name=input_value[] value=3>3</label></div></div></div></div><input type=hidden name=input_label[] value=Name>',NULL,'2019-06-03 01:53:43','2019-06-03 01:53:43'),
(23,8,'<div id=card-input-4 data-id=4 class=card-input><div class=form-group><label>Name</label><select class=form-control name=input_value[]><option>yes</option><option>yes</option></select></div></div><input type=hidden name=input_label[] value=Name>',NULL,'2019-06-03 01:53:43','2019-06-03 01:53:43'),
(24,9,'<div id=card-input-0 data-id=0 class=card-input><div class=form-group><label>ads</label><input class=form-control type=text name=input_value[0] placeholder=text><input type=hidden name=input_label[0] value=ads></div></div>',NULL,'2019-06-03 02:48:55','2019-06-03 02:48:55'),
(25,9,'<div id=card-input-1 data-id=1 class=card-input><div class=form-group><label>ads</label><div class=check><div class=form-check><label class=form-check-label><input type=radio name=input_value[1] value=asd>asd</label></div><div class=form-check><label class=form-check-label><input type=radio name=input_value[1] value=das>das</label></div></div></div></div>',NULL,'2019-06-03 02:48:55','2019-06-03 02:48:55'),
(26,9,'<div id=card-input-2 data-id=2 class=card-input><div class=form-group><label>ads</label><div class=check><input type=hidden name=input_label[2] value=ads><div class=form-check><label class=form-check-label><input type=checkbox name=input_value[2] value=sad>sad</label></div><input type=hidden name=input_label[2] value=ads><div class=form-check><label class=form-check-label><input type=checkbox name=input_value[2] value=sda>sda</label></div></div><input type=hidden name=input_label[2] value=ads></div></div>',NULL,'2019-06-03 02:48:55','2019-06-03 02:48:55'),
(27,10,'<div id=card-input-0 data-id=0 class=card-input><div class=form-group><label>sad</label><input class=form-control type=text name=input_value[0] placeholder=text><input type=hidden name=input_label[0] value=sad></div></div>',NULL,'2019-06-03 02:51:43','2019-06-03 02:51:43'),
(28,10,'<div id=card-input-1 data-id=1 class=card-input><div class=form-group><label>sad</label><div class=check><div class=form-check><label class=form-check-label><input type=radio name=input_value[1] value=asd>asd</label></div><div class=form-check><label class=form-check-label><input type=radio name=input_value[1] value=sad>sad</label></div></div><input type=hidden name=input_label[1] value=sad></div></div>',NULL,'2019-06-03 02:51:43','2019-06-03 02:51:43'),
(29,10,'<div id=card-input-2 data-id=2 class=card-input><div class=form-group><label>sad</label><div class=check><input type=hidden name=input_label[2] value=sad><div class=form-check><label class=form-check-label><input type=checkbox name=input_value[2] value=sad>sad</label></div><input type=hidden name=input_label[2] value=sad><div class=form-check><label class=form-check-label><input type=checkbox name=input_value[2] value=das>das</label></div></div></div></div>',NULL,'2019-06-03 02:51:43','2019-06-03 02:51:43'),
(30,11,'<div id=card-input-0 data-id=0 class=card-input><div class=form-group><label>sad</label><div class=check><div class=form-check><label class=form-check-label><input type=radio name=input_value[0] value=asd>asd</label></div><div class=form-check><label class=form-check-label><input type=radio name=input_value[0] value=sad>sad</label></div></div><input type=hidden name=input_label[0] value=sad></div></div>',NULL,'2019-06-03 02:56:45','2019-06-03 02:56:45'),
(31,11,'<div id=card-input-1 data-id=1 class=card-input><div class=form-group><label>sad</label><div class=check><input type=hidden name=input_label[1] value=sad><div class=form-check><label class=form-check-label><input type=checkbox name=input_value[2] value=asd>asd</label></div><input type=hidden name=input_label[2] value=sad><div class=form-check><label class=form-check-label><input type=checkbox name=input_value[3] value=dsa>dsa</label></div></div></div></div>',NULL,'2019-06-03 02:56:45','2019-06-03 02:56:45'),
(32,11,'<div id=card-input-4 data-id=4 class=card-input><div class=form-group><label>sad</label><input class=form-control type=text name=input_value[4] placeholder=text><input type=hidden name=input_label[4] value=sad></div></div>',NULL,'2019-06-03 02:56:45','2019-06-03 02:56:45'),
(33,12,'<div id=card-input-0 data-id=0 class=card-input><div class=form-group><label>sad</label><input class=form-control type=text name=input_value[0] placeholder=text><input type=hidden name=input_label[0] value=sad></div></div>',NULL,'2019-06-03 03:01:36','2019-06-03 03:01:36'),
(34,12,'<div id=card-input-1 data-id=1 class=card-input><div class=form-group><label>qeer</label><div class=check><div class=form-check><label class=form-check-label><input type=radio name=input_value[1] value=ad>ad</label></div><div class=form-check><label class=form-check-label><input type=radio name=input_value[1] value=sdf>sdf</label></div></div><input type=hidden name=input_label[1] value=qeer></div></div>',NULL,'2019-06-03 03:01:36','2019-06-03 03:01:36'),
(35,12,'<div id=card-input-2 data-id=2 class=card-input><div class=form-group><label>qeer</label><div class=check><div class=form-check><label class=form-check-label><input type=checkbox name=input_value[2] value=gfh>gfh</label></div><input type=hidden name=input_label[2] value=qeer><div class=form-check><label class=form-check-label><input type=checkbox name=input_value[3] value=rew4>rew4</label></div><input type=hidden name=input_label[3] value=qeer></div></div></div>',NULL,'2019-06-03 03:01:36','2019-06-03 03:01:36'),
(36,12,'<div id=card-input-5 data-id=5 class=card-input><div class=form-group><label>hgt</label><input class=form-control type=number name=input_value[5] placeholder=number><input type=hidden name=input_label[5] value=hgt></div></div>',NULL,'2019-06-03 03:01:37','2019-06-03 03:01:37'),
(37,13,'<div id=card-input-0 data-id=0 class=card-input><div class=form-group><label>Nama Mhs</label><input class=form-control type=text name=input_value[0] placeholder=text><input type=hidden name=input_label[0] value=nama_mhs></div></div>',NULL,'2019-06-03 05:50:46','2019-06-03 05:50:46'),
(38,13,'<div id=card-input-1 data-id=1 class=card-input><div class=form-group><label>Semester</label><div class=check><div class=form-check><label class=form-check-label><input type=radio name=input_value[1] value=1>1</label></div><div class=form-check><label class=form-check-label><input type=radio name=input_value[1] value=2>2</label></div></div><input type=hidden name=input_label[1] value=semester></div></div>',NULL,'2019-06-03 05:50:46','2019-06-03 05:50:46'),
(39,13,'<div id=card-input-2 data-id=2 class=card-input><div class=form-group><label>Hobi</label><div class=check><div class=form-check><label class=form-check-label><input type=radio name=input_value[2] value=makan>makan</label></div><div class=form-check><label class=form-check-label><input type=radio name=input_value[2] value=tidur>tidur</label></div><div class=form-check><label class=form-check-label><input type=radio name=input_value[2] value=minum>minum</label></div></div><input type=hidden name=input_label[2] value=hobi></div></div>',NULL,'2019-06-03 05:50:46','2019-06-03 05:50:46'),
(40,14,'<div id=card-input-0 data-id=0 class=card-input><div class=form-group><label>Nama Mahasiswa</label><input class=form-control type=text name=input_value[0] placeholder=text><input type=hidden name=input_label[0] value=nama_mhs></div></div>',NULL,'2019-06-03 05:52:14','2019-06-03 05:52:14'),
(41,14,'<div id=card-input-1 data-id=1 class=card-input><div class=form-group><label>Semester</label><div class=check><div class=form-check><label class=form-check-label><input type=radio name=input_value[1] value=1>1</label></div><div class=form-check><label class=form-check-label><input type=radio name=input_value[1] value=2>2</label></div></div><input type=hidden name=input_label[1] value=semester></div></div>',NULL,'2019-06-03 05:52:14','2019-06-03 05:52:14'),
(42,14,'<div id=card-input-2 data-id=2 class=card-input><div class=form-group><label>Hobi</label><div class=check><div class=form-check><label class=form-check-label><input type=checkbox name=input_value[2] value=makan>makan</label></div><input type=hidden name=input_label[2] value=hobi2><div class=form-check><label class=form-check-label><input type=checkbox name=input_value[3] value=minum>minum</label></div><input type=hidden name=input_label[3] value=hobi3><div class=form-check><label class=form-check-label><input type=checkbox name=input_value[4] value=tidur>tidur</label></div><input type=hidden name=input_label[4] value=hobi4></div></div></div>',NULL,'2019-06-03 05:52:14','2019-06-03 05:52:14'),
(43,15,'<div id=card-input-0 data-id=0 class=card-input><div class=form-group><label>Nama</label><input class=form-control type=text name=input_value[0] placeholder=text><input type=hidden name=input_label[0] value=nama></div></div>',NULL,'2019-06-03 05:58:08','2019-06-03 05:58:08'),
(44,15,'<div id=card-input-1 data-id=1 class=card-input><div class=form-group><label>Semester</label><div class=check><div class=form-check><label class=form-check-label><input type=radio name=input_value[1] value=1>1</label></div><div class=form-check><label class=form-check-label><input type=radio name=input_value[1] value=2>2</label></div></div><input type=hidden name=input_label[1] value=semester></div></div>',NULL,'2019-06-03 05:58:08','2019-06-03 05:58:08'),
(45,15,'<div id=card-input-2 data-id=2 class=card-input><div class=form-group><label>Hobi</label><div class=check><div class=form-check><label class=form-check-label><input type=checkbox name=input_value[2] value=makan>makan</label></div><input type=hidden name=input_label[2][0] value=hobi><div class=form-check><label class=form-check-label><input type=checkbox name=input_value[3] value=mandi>mandi</label></div><input type=hidden name=input_label[3][1] value=hobi><div class=form-check><label class=form-check-label><input type=checkbox name=input_value[4] value=tidur>tidur</label></div><input type=hidden name=input_label[4][2] value=hobi></div></div></div>',NULL,'2019-06-03 05:58:09','2019-06-03 05:58:09'),
(46,16,'<div id=card-input-0 data-id=0 class=card-input><div class=form-group><label>Nama</label><input class=form-control type=text name=input_value[0] placeholder=text><input type=hidden name=input_label[0] value=nama></div></div>',NULL,'2019-06-03 06:00:48','2019-06-03 06:00:48'),
(47,16,'<div id=card-input-1 data-id=1 class=card-input><div class=form-group><label>Semester</label><div class=check><div class=form-check><label class=form-check-label><input type=radio name=input_value[1] value=1>1</label></div><div class=form-check><label class=form-check-label><input type=radio name=input_value[1] value=2>2</label></div></div><input type=hidden name=input_label[1] value=semester></div></div>',NULL,'2019-06-03 06:00:49','2019-06-03 06:00:49'),
(48,16,'<div id=card-input-2 data-id=2 class=card-input><div class=form-group><label>Hobi</label><div class=check><div class=form-check><label class=form-check-label><input type=checkbox name=input_value[2] value=makan>makan</label></div><input type=hidden name=input_label[2][0] value=hobi><div class=form-check><label class=form-check-label><input type=checkbox name=input_value[2] value=mandi>mandi</label></div><input type=hidden name=input_label[2][1] value=hobi><div class=form-check><label class=form-check-label><input type=checkbox name=input_value[2] value=tidur>tidur</label></div><input type=hidden name=input_label[2][2] value=hobi></div></div></div>',NULL,'2019-06-03 06:00:49','2019-06-03 06:00:49'),
(49,17,'<div id=card-input-0 data-id=0 class=card-input><div class=form-group><label>Nama Siswa</label><input class=form-control type=text name=input_value[0] placeholder=text><input type=hidden name=input_label[0] value=nama_siswa></div></div>',NULL,'2019-06-03 06:04:49','2019-06-03 06:04:49'),
(50,17,'<div id=card-input-1 data-id=1 class=card-input><div class=form-group><label>Semester</label><div class=check><div class=form-check><label class=form-check-label><input type=radio name=input_value[1] value=1>1</label></div><div class=form-check><label class=form-check-label><input type=radio name=input_value[1] value=2>2</label></div></div><input type=hidden name=input_label[1] value=semester></div></div>',NULL,'2019-06-03 06:04:49','2019-06-03 06:04:49'),
(51,17,'<div id=card-input-2 data-id=2 class=card-input><div class=form-group><label>Hobi</label><div class=check><div class=form-check><label class=form-check-label><input type=checkbox name=input_value[2][0] value=makan>makan</label></div><input type=hidden name=input_label[2][0] value=hobi><div class=form-check><label class=form-check-label><input type=checkbox name=input_value[2][1] value=mandi>mandi</label></div><input type=hidden name=input_label[2][1] value=hobi><div class=form-check><label class=form-check-label><input type=checkbox name=input_value[2][2] value=tidur>tidur</label></div><input type=hidden name=input_label[2][2] value=hobi></div></div></div>',NULL,'2019-06-03 06:04:49','2019-06-03 06:04:49'),
(52,18,'<div id=card-input-0 data-id=0 class=card-input><div class=form-group><label>Nama</label><input class=form-control type=text name=input_value[0] placeholder=text><input type=hidden name=input_label[0] value=nama></div></div>',NULL,'2019-06-03 06:21:46','2019-06-03 06:21:46'),
(53,18,'<div id=card-input-1 data-id=1 class=card-input><div class=form-group><label>Semester</label><div class=check><div class=form-check><label class=form-check-label><input type=radio name=input_value[1] value=1>1</label></div><div class=form-check><label class=form-check-label><input type=radio name=input_value[1] value=2>2</label></div></div><input type=hidden name=input_label[1] value=semester></div></div>',NULL,'2019-06-03 06:21:47','2019-06-03 06:21:47'),
(54,18,'<div id=card-input-2 data-id=2 class=card-input><div class=form-group><label>Hobi</label><div class=check><div class=form-check><label class=form-check-label><input type=checkbox name=input_value[2][0] value=makan>makan</label></div><div class=form-check><label class=form-check-label><input type=checkbox name=input_value[2][1] value=mandi>mandi</label></div><div class=form-check><label class=form-check-label><input type=checkbox name=input_value[2][2] value=tidur>tidur</label></div></div><input type=hidden name=input_label[2] value=hobi></div></div>',NULL,'2019-06-03 06:21:47','2019-06-03 06:21:47'),
(55,19,'<div id=card-input-0 data-key=nama data-id=0 class=card-input><div class=form-group><label>Nama</label><input class=form-control type=text name=input_value[0] placeholder=text><input type=hidden name=input_label[0] value=nama></div></div>',NULL,'2019-06-03 11:50:40','2019-06-03 11:50:40'),
(56,19,'<div id=card-input-1 data-key=semester data-id=1 class=card-input><div class=form-group><label>Semester</label><div class=check><div class=form-check><label class=form-check-label><input type=radio name=input_value[1] value=1>1</label></div><div class=form-check><label class=form-check-label><input type=radio name=input_value[1] value=2>2</label></div></div><input type=hidden name=input_label[1] value=semester></div></div>',NULL,'2019-06-03 11:50:40','2019-06-03 11:50:40'),
(57,19,'<div id=card-input-2 data-key=hobi data-id=2 class=card-input><div class=form-group><label>Hobi</label><div class=check><div class=form-check><label class=form-check-label><input type=checkbox name=input_value[2][0] value=makan>makan</label></div><div class=form-check><label class=form-check-label><input type=checkbox name=input_value[2][1] value=mandi>mandi</label></div><div class=form-check><label class=form-check-label><input type=checkbox name=input_value[2][2] value=tidur>tidur</label></div></div><input type=hidden name=input_label[2] value=hobi></div></div>',NULL,'2019-06-03 11:50:40','2019-06-03 11:50:40'),
(58,20,'<div id=card-input-0 data-key=nama data-id=0 class=card-input><div class=form-group><label>Nama</label><input class=form-control type=text name=input_value[0] placeholder=text><input type=hidden name=input_label[0] value=nama></div></div>',NULL,'2019-06-04 03:42:18','2019-06-04 03:42:18'),
(59,20,'<div id=card-input-1 data-key=semester data-id=1 class=card-input><div class=form-group><label>Semester</label><div class=check><div class=form-check><label class=form-check-label><input type=radio name=input_value[1] value=1>1</label></div><div class=form-check><label class=form-check-label><input type=radio name=input_value[1] value=2>2</label></div></div><input type=hidden name=input_label[1] value=semester></div></div>',NULL,'2019-06-04 03:42:18','2019-06-04 03:42:18'),
(60,20,'<div id=card-input-2 data-key=hobi data-id=2 class=card-input><div class=form-group><label>Hobi</label><div class=check><div class=form-check><label class=form-check-label><input type=checkbox name=input_value[2][0] value=makan>makan</label></div><div class=form-check><label class=form-check-label><input type=checkbox name=input_value[2][1] value=tidur>tidur</label></div><div class=form-check><label class=form-check-label><input type=checkbox name=input_value[2][2] value=mandi>mandi</label></div></div><input type=hidden name=input_label[2] value=hobi></div></div>',NULL,'2019-06-04 03:42:18','2019-06-04 03:42:18'),
(61,21,'<div id=card-input-0 data-key=a data-id=0 class=card-input><div class=form-group><label>a</label><input class=form-control type=file name=input_value[0] placeholder=file><input type=hidden name=input_label[0] value=a></div></div>',NULL,'2019-06-04 04:00:59','2019-06-04 04:00:59'),
(62,22,'<div id=card-input-0 data-key=nama data-id=0 class=card-input><div class=form-group><label>Nama</label><input class=form-control type=text name=input_value[0] placeholder=text><input type=hidden name=input_label[0] value=nama></div></div>',NULL,'2019-06-10 04:41:18','2019-06-10 04:41:18'),
(63,23,'<div id=card-input-0 data-key=asd data-id=0 class=card-input><div class=form-group><label>sad</label><input class=form-control type=text name=input_value[0] placeholder=text><input type=hidden name=input_label[0] value=asd></div></div>',NULL,'2019-06-15 13:26:10','2019-06-15 13:26:10'),
(64,24,'<div id=card-input-0 data-key=nama_dosen data-id=0 class=card-input><div class=form-group><label>Nama Dosen</label><input class=form-control type=text name=input_value[0] placeholder=text><input type=hidden name=input_label[0] value=nama_dosen></div></div>',NULL,'2019-06-19 17:38:17','2019-06-19 17:38:17'),
(65,24,'<div id=card-input-1 data-key=nip data-id=1 class=card-input><div class=form-group><label>NIP</label><input class=form-control type=text name=input_value[1] placeholder=text><input type=hidden name=input_label[1] value=nip></div></div>',NULL,'2019-06-19 17:38:17','2019-06-19 17:38:17'),
(66,24,'<div id=card-input-2 data-key=alamat data-id=2 class=card-input><div class=form-group><label>Alamat</label><input class=form-control type=text name=input_value[2] placeholder=text><input type=hidden name=input_label[2] value=alamat></div></div>',NULL,'2019-06-19 17:38:17','2019-06-19 17:38:17'),
(67,24,'<div id=card-input-3 data-key=tanggal_lahir data-id=3 class=card-input><div class=form-group><label>Tanggal Lahir</label><input class=form-control type=date name=input_value[3] placeholder=date><input type=hidden name=input_label[3] value=tanggal_lahir></div></div>',NULL,'2019-06-19 17:38:17','2019-06-19 17:38:17'),
(68,25,'<div id=card-input-0 data-key=a data-id=0 class=card-input><div class=form-group><label>A</label><input class=form-control type=text name=input_value[0] placeholder=text><input type=hidden name=input_label[0] value=a></div></div>',NULL,'2019-06-19 17:58:50','2019-06-19 17:58:50'),
(69,25,'<div id=card-input-1 data-key=asad data-id=1 class=card-input><div class=form-group><label>A</label><input class=form-control type=text name=input_value[1] placeholder=text><input type=hidden name=input_label[1] value=asad></div></div>',NULL,'2019-06-19 17:58:50','2019-06-19 17:58:50'),
(70,26,'<div id=card-input-0 data-key=nama_barang data-id=0 class=card-input><div class=form-group><label>Nama Barang</label><input class=form-control type=text name=input_value[0] placeholder=text><input type=hidden name=input_label[0] value=nama_barang></div></div>',NULL,'2019-09-25 07:02:01','2019-09-25 07:02:01'),
(71,26,'<div id=card-input-1 data-key=harga_barang data-id=1 class=card-input><div class=form-group><label>Harga Barang</label><input class=form-control type=number name=input_value[1] placeholder=number><input type=hidden name=input_label[1] value=harga_barang></div></div>',NULL,'2019-09-25 07:02:01','2019-09-25 07:02:01'),
(72,27,'<div id=card-input-0 data-key=ad data-id=0 class=card-input><div class=form-group><label>asdas</label><input class=form-control type=file name=input_value[0] placeholder=file><input type=hidden name=input_label[0] value=ad></div></div>',NULL,'2019-09-25 07:14:43','2019-09-25 07:14:43'),
(73,28,'<div id=card-input-0 data-key=a data-id=0 class=card-input><div class=form-group><label>a</label><input class=form-control type=text name=input_value[0] placeholder=text><input type=hidden name=input_label[0] value=a></div></div>',NULL,'2019-09-25 07:41:48','2019-09-25 07:41:48'),
(74,28,'<div id=card-input-1 data-key=aasd data-id=1 class=card-input><div class=form-group><label>a</label><input class=form-control type=text name=input_value[1] placeholder=text><input type=hidden name=input_label[1] value=aasd></div></div>',NULL,'2019-09-25 07:41:48','2019-09-25 07:41:48'),
(75,29,'<div id=card-input-0 data-key=asd data-id=0 class=card-input><div class=form-group><label>asd</label><input class=form-control type=text name=input_value[0] placeholder=text><input type=hidden name=input_label[0] value=asd></div></div>',NULL,'2019-09-25 07:44:59','2019-09-25 07:44:59'),
(76,30,'<div id=card-input-0 data-key=asd data-id=0 class=card-input><div class=form-group><label>asd</label><input class=form-control type=text name=input_value[0] placeholder=text><input type=hidden name=input_label[0] value=asd></div></div>',NULL,'2019-09-25 07:44:59','2019-09-25 07:44:59'),
(77,31,'<div id=card-input-0 data-key=nama_barang data-id=0 class=card-input><div class=form-group><label>Nama Barang</label><input class=form-control type=text name=input_value[0] placeholder=text><input type=hidden name=input_label[0] value=nama_barang></div></div>',NULL,'2019-09-25 14:07:58','2019-09-25 14:07:58'),
(78,31,'<div id=card-input-1 data-key=harga_barang data-id=1 class=card-input><div class=form-group><label>Harga Barang</label><input class=form-control type=text name=input_value[1] placeholder=text><input type=hidden name=input_label[1] value=harga_barang></div></div>',NULL,'2019-09-25 14:07:58','2019-09-25 14:07:58'),
(79,32,'<div id=card-input-0 data-key=nama_barang data-id=0 class=card-input><div class=form-group><label>Nama Barang</label><input class=form-control type=text name=input_value[0] placeholder=text><input type=hidden name=input_label[0] value=nama_barang></div></div>',NULL,'2019-09-25 14:12:33','2019-09-25 14:12:33'),
(80,32,'<div id=card-input-1 data-key=harga_barang data-id=1 class=card-input><div class=form-group><label>Harga Barang</label><input class=form-control type=text name=input_value[1] placeholder=text><input type=hidden name=input_label[1] value=harga_barang></div></div>',NULL,'2019-09-25 14:12:33','2019-09-25 14:12:33'),
(81,33,'<div id=card-input-0 data-key=saad data-id=0 class=card-input><div class=form-group><label>ads</label><input class=form-control type=text name=input_value[0] placeholder=text><input type=hidden name=input_label[0] value=saad></div></div>',NULL,'2019-09-25 14:13:59','2019-09-25 14:13:59'),
(82,34,'<div id=card-input-0 data-key=ads data-id=0 class=card-input><div class=form-group><label>asf</label><input class=form-control type=text name=input_value[0] placeholder=text><input type=hidden name=input_label[0] value=ads></div></div>',NULL,'2019-09-25 14:15:51','2019-09-25 14:15:51'),
(83,37,'<div id=card-input-0 data-key=tert data-id=0 class=card-input><div class=form-group><label>tert</label><input class=form-control type=text name=input_value[0] placeholder=text><input type=hidden name=input_label[0] value=tert></div></div>',NULL,'2019-09-25 14:54:21','2019-09-25 14:54:21'),
(84,38,'<div id=card-input-0 data-key=asd data-id=0 class=card-input><div class=form-group><label>asd</label><input class=form-control type=datetime-local name=input_value[0] placeholder=datetime-local><input type=hidden name=input_label[0] value=asd></div></div>',NULL,'2019-09-25 15:05:23','2019-09-25 15:05:23'),
(85,39,'<div id=card-input-0 data-key=asd data-id=0 class=card-input><div class=form-group><label>asd</label><input class=form-control type=datetime-local name=input_value[0] placeholder=datetime-local><input type=hidden name=input_label[0] value=asd></div></div>',NULL,'2019-09-25 15:07:35','2019-09-25 15:07:35'),
(86,40,'<div id=card-input-0 data-key=asda data-id=0 class=card-input><div class=form-group><label>asda</label><input class=form-control type=text name=input_value[0] placeholder=text><input type=hidden name=input_label[0] value=asda></div></div>',NULL,'2019-09-25 15:18:30','2019-09-25 15:18:30'),
(87,40,'<div id=card-input-1 data-key=asdaasda data-id=1 class=card-input><div class=form-group><label>asda</label><input class=form-control type=text name=input_value[1] placeholder=text><input type=hidden name=input_label[1] value=asdaasda></div></div>',NULL,'2019-09-25 15:18:30','2019-09-25 15:18:30'),
(88,40,'<div id=card-input-2 data-key=asdaasdaadd data-id=2 class=card-input><div class=form-group><label>asda</label><input class=form-control type=text name=input_value[2] placeholder=text><input type=hidden name=input_label[2] value=asdaasdaadd></div></div>',NULL,'2019-09-25 15:18:30','2019-09-25 15:18:30'),
(89,40,'<div id=card-input-3 data-key=asdaasdaadddasdas data-id=3 class=card-input><div class=form-group><label>asda</label><input class=form-control type=text name=input_value[3] placeholder=text><input type=hidden name=input_label[3] value=asdaasdaadddasdas></div></div>',NULL,'2019-09-25 15:18:30','2019-09-25 15:18:30'),
(90,41,'<div id=card-input-0 data-key=asd data-id=0 class=card-input><div class=form-group><label>asd</label><input class=form-control type=text name=input_value[0] placeholder=text><input type=hidden name=input_label[0] value=asd></div></div>',NULL,'2019-09-25 15:23:57','2019-09-25 15:23:57'),
(91,41,'<div id=card-input-1 data-key=asdsd data-id=1 class=card-input><div class=form-group><label>asd</label><input class=form-control type=text name=input_value[1] placeholder=text><input type=hidden name=input_label[1] value=asdsd></div></div>',NULL,'2019-09-25 15:23:57','2019-09-25 15:23:57'),
(92,41,'<div id=card-input-2 data-key=asdsddsd data-id=2 class=card-input><div class=form-group><label>asd</label><input class=form-control type=text name=input_value[2] placeholder=text><input type=hidden name=input_label[2] value=asdsddsd></div></div>',NULL,'2019-09-25 15:23:57','2019-09-25 15:23:57'),
(93,41,'<div id=card-input-3 data-key=asdsddsddsd data-id=3 class=card-input><div class=form-group><label>asd</label><input class=form-control type=text name=input_value[3] placeholder=text><input type=hidden name=input_label[3] value=asdsddsddsd></div></div>',NULL,'2019-09-25 15:23:57','2019-09-25 15:23:57'),
(94,42,'<div id=card-input-0 data-key=asd data-id=0 class=card-input><div class=form-group><label>asd</label><input class=form-control type=text name=input_value[0] placeholder=text><input type=hidden name=input_label[0] value=asd></div></div>',NULL,'2019-09-25 15:24:17','2019-09-25 15:24:17'),
(95,42,'<div id=card-input-1 data-key=asdsd data-id=1 class=card-input><div class=form-group><label>asd</label><input class=form-control type=text name=input_value[1] placeholder=text><input type=hidden name=input_label[1] value=asdsd></div></div>',NULL,'2019-09-25 15:24:17','2019-09-25 15:24:17'),
(96,42,'<div id=card-input-2 data-key=asdsddsd data-id=2 class=card-input><div class=form-group><label>asd</label><input class=form-control type=text name=input_value[2] placeholder=text><input type=hidden name=input_label[2] value=asdsddsd></div></div>',NULL,'2019-09-25 15:24:17','2019-09-25 15:24:17'),
(97,42,'<div id=card-input-3 data-key=asdsddsddsd data-id=3 class=card-input><div class=form-group><label>asd</label><input class=form-control type=text name=input_value[3] placeholder=text><input type=hidden name=input_label[3] value=asdsddsddsd></div></div>',NULL,'2019-09-25 15:24:17','2019-09-25 15:24:17'),
(98,43,'<div id=card-input-0 data-key=asdsad data-id=0 class=card-input><div class=form-group><label>adsad</label><input class=form-control type=text name=input_value[0] placeholder=text><input type=hidden name=input_label[0] value=asdsad></div></div>',NULL,'2019-09-25 15:30:46','2019-09-25 15:30:46'),
(99,43,'<div id=card-input-1 data-key=asdsad213 data-id=1 class=card-input><div class=form-group><label>adsad</label><input class=form-control type=text name=input_value[1] placeholder=text><input type=hidden name=input_label[1] value=asdsad213></div></div>',NULL,'2019-09-25 15:30:46','2019-09-25 15:30:46'),
(100,43,'<div id=card-input-2 data-key=asdsad21323 data-id=2 class=card-input><div class=form-group><label>adsad</label><input class=form-control type=text name=input_value[2] placeholder=text><input type=hidden name=input_label[2] value=asdsad21323></div></div>',NULL,'2019-09-25 15:30:46','2019-09-25 15:30:46'),
(101,44,'<div id=card-input-0 data-key=sad data-id=0 class=card-input><div class=form-group><label>adas</label><input class=form-control type=text name=input_value[0] placeholder=text><input type=hidden name=input_label[0] value=sad></div></div>',NULL,'2019-09-25 15:39:35','2019-09-25 15:39:35'),
(102,45,'<div id=card-input-0 data-key=asda data-id=0 class=card-input><div class=form-group><label>adas</label><input class=form-control type=text name=input_value[0] placeholder=text><input type=hidden name=input_label[0] value=asda></div></div>',NULL,'2019-09-25 15:40:50','2019-09-25 15:40:50'),
(103,46,'<div id=card-input-0 data-key=adas data-id=0 class=card-input><div class=form-group><label>sdaas</label><input class=form-control type=text name=input_value[0] placeholder=text><input type=hidden name=input_label[0] value=adas></div></div>',NULL,'2019-09-25 15:43:20','2019-09-25 15:43:20'),
(104,47,'<div id=card-input-0 data-key=dasdsa data-id=0 class=card-input><div class=form-group><label>adas</label><input class=form-control type=text name=input_value[0] placeholder=text><input type=hidden name=input_label[0] value=dasdsa></div></div>',NULL,'2019-09-25 15:46:57','2019-09-25 15:46:57'),
(105,48,'<div id=card-input-0 data-key=asd data-id=0 class=card-input><div class=form-group><label>asd</label><input class=form-control type=text name=input_value[0] placeholder=text><input type=hidden name=input_label[0] value=asd></div></div>',NULL,'2019-09-25 15:48:59','2019-09-25 15:48:59'),
(106,49,'<div id=card-input-0 data-key=asdas data-id=0 class=card-input><div class=form-group><label>ads</label><input class=form-control type=text name=input_value[0] placeholder=text><input type=hidden name=input_label[0] value=asdas></div></div>',NULL,'2019-09-25 15:53:02','2019-09-25 15:53:02'),
(107,50,'<div id=card-input-0 data-key=sdfd data-id=0 class=card-input><div class=form-group><label>sdfd</label><input class=form-control type=text name=input_value[0] placeholder=text><input type=hidden name=input_label[0] value=sdfd></div></div>',NULL,'2019-09-29 10:57:08','2019-09-29 10:57:08'),
(108,51,'<div id=card-input-0 data-key=nama_mhs data-id=0 class=card-input><div class=form-group><label>Nama Mahasiswa</label><input class=form-control type=text name=input_value[0] placeholder=text required><input type=hidden name=input_label[0] value=nama_mhs></div></div>',NULL,'2019-10-02 05:50:01','2019-10-02 05:50:01'),
(109,51,'<div id=card-input-1 data-key=nim_mhs data-id=1 class=card-input><div class=form-group><label>NIM Mahasiswa</label><input class=form-control type=text name=input_value[1] placeholder=text required><input type=hidden name=input_label[1] value=nim_mhs></div></div>',NULL,'2019-10-02 05:50:01','2019-10-02 05:50:01'),
(110,52,'<div id=card-input-0 data-key=nama data-id=0 class=card-input><div class=form-group><label>Nama</label><input class=form-control type=text name=input_value[0] placeholder=text required><input type=hidden name=input_label[0] value=nama></div></div>',NULL,'2019-10-02 06:22:44','2019-10-02 06:22:44'),
(111,52,'<div id=card-input-1 data-key=nim data-id=1 class=card-input><div class=form-group><label>NIM</label><input class=form-control type=text name=input_value[1] placeholder=text required><input type=hidden name=input_label[1] value=nim></div></div>',NULL,'2019-10-02 06:22:44','2019-10-02 06:22:44'),
(112,53,'<div id=card-input-0 data-key=nama data-id=0 class=card-input><div class=form-group><label>Nama</label><input class=form-control type=text name=input_value[0] placeholder=text required><input type=hidden name=input_label[0] value=nama></div></div>',NULL,'2019-10-02 06:23:28','2019-10-02 06:23:28'),
(113,53,'<div id=card-input-1 data-key=nim data-id=1 class=card-input><div class=form-group><label>NIM</label><input class=form-control type=text name=input_value[1] placeholder=text required><input type=hidden name=input_label[1] value=nim></div></div>',NULL,'2019-10-02 06:23:28','2019-10-02 06:23:28'),
(114,54,'<div id=card-input-0 data-key=sdf data-id=0 class=card-input><div class=form-group><label>sdf</label><input class=form-control type=text name=input_value[0] placeholder=text required><input type=hidden name=input_label[0] value=sdf></div></div>',NULL,'2019-10-02 06:36:49','2019-10-02 06:36:49'),
(115,55,'<div id=card-input-0 data-key=nim data-id=0 class=card-input><div class=form-group><label>NIM</label><input class=form-control type=text name=input_value[0] placeholder=text required><input type=hidden name=input_label[0] value=nim></div></div>',NULL,'2019-10-02 06:38:10','2019-10-02 06:38:10'),
(116,55,'<div id=card-input-1 data-key=nama data-id=1 class=card-input><div class=form-group><label>Nama</label><input class=form-control type=text name=input_value[1] placeholder=text required><input type=hidden name=input_label[1] value=nama></div></div>',NULL,'2019-10-02 06:38:10','2019-10-02 06:38:10'),
(117,56,'<div id=card-input-0 data-key=nama data-id=0 class=card-input><div class=form-group><label>Nama</label><input class=form-control type=text name=input_value[0] placeholder=text required><input type=hidden name=input_label[0] value=nama></div></div>',NULL,'2019-10-02 06:40:22','2019-10-02 06:40:22'),
(118,56,'<div id=card-input-1 data-key=nim data-id=1 class=card-input><div class=form-group><label>NIM</label><input class=form-control type=text name=input_value[1] placeholder=text required><input type=hidden name=input_label[1] value=nim></div></div>',NULL,'2019-10-02 06:40:22','2019-10-02 06:40:22'),
(119,57,'<div id=card-input-0 data-key=asdas data-id=0 class=card-input><div class=form-group><label>sada</label><input class=form-control type=text name=input_value[0] placeholder=text required><input type=hidden name=input_label[0] value=asdas></div></div>',NULL,'2019-10-09 07:29:42','2019-10-09 07:29:42'),
(120,57,'<div id=card-input-1 data-key=asdassad data-id=1 class=card-input><div class=form-group><label>sadaasd</label><input class=form-control type=text name=input_value[1] placeholder=text required><input type=hidden name=input_label[1] value=asdassad></div></div>',NULL,'2019-10-09 07:29:42','2019-10-09 07:29:42'),
(121,58,'<div id=card-input-0 data-key=asdas data-id=0 class=card-input><div class=form-group><label>sada</label><input class=form-control type=text name=input_value[0] placeholder=text required><input type=hidden name=input_label[0] value=asdas></div></div>',NULL,'2019-10-09 07:30:10','2019-10-09 07:30:10'),
(122,58,'<div id=card-input-1 data-key=asdassad data-id=1 class=card-input><div class=form-group><label>sadaasd</label><input class=form-control type=text name=input_value[1] placeholder=text required><input type=hidden name=input_label[1] value=asdassad></div></div>',NULL,'2019-10-09 07:30:10','2019-10-09 07:30:10'),
(123,59,'<div id=card-input-0 data-key=sad data-id=0 class=card-input><div class=form-group><label>sad</label><input class=form-control type=text name=input_value[0] placeholder=text required><input type=hidden name=input_label[0] value=sad></div></div>',NULL,'2019-10-09 07:35:21','2019-10-09 07:35:21'),
(124,59,'<div id=card-input-1 data-key=sadasd data-id=1 class=card-input><div class=form-group><label>sad</label><input class=form-control type=text name=input_value[1] placeholder=text required><input type=hidden name=input_label[1] value=sadasd></div></div>',NULL,'2019-10-09 07:35:21','2019-10-09 07:35:21'),
(125,60,'<div id=card-input-0 data-key=adas data-id=0 class=card-input><div class=form-group><label>adas</label><input class=form-control type=text name=input_value[0] placeholder=text required><input type=hidden name=input_label[0] value=adas></div></div>',NULL,'2019-10-09 07:44:02','2019-10-09 07:44:02'),
(126,60,'<div id=card-input-1 data-key=adasasd data-id=1 class=card-input><div class=form-group><label>adasads</label><input class=form-control type=text name=input_value[1] placeholder=text required><input type=hidden name=input_label[1] value=adasasd></div></div>',NULL,'2019-10-09 07:44:02','2019-10-09 07:44:02'),
(127,61,'<div id=card-input-0 data-key=adasasd data-id=0 class=card-input><div class=form-group><label>adasads</label><input class=form-control type=text name=input_value[0] placeholder=text required><input type=hidden name=input_label[0] value=adasasd></div></div>',NULL,'2019-10-09 07:44:43','2019-10-09 07:44:43'),
(128,61,'<div id=card-input-1 data-key=adasasdasd data-id=1 class=card-input><div class=form-group><label>adasadsasd</label><input class=form-control type=text name=input_value[1] placeholder=text required><input type=hidden name=input_label[1] value=adasasdasd></div></div>',NULL,'2019-10-09 07:44:43','2019-10-09 07:44:43'),
(129,62,'<div id=card-input-0 data-key=adas data-id=0 class=card-input><div class=form-group><label>asd</label><input class=form-control type=text name=input_value[0] placeholder=text required><input type=hidden name=input_label[0] value=adas></div></div>',NULL,'2019-10-09 08:51:13','2019-10-09 08:51:13'),
(130,63,'<div id=card-input-0 data-key=adas data-id=0 class=card-input><div class=form-group><label>asd</label><input class=form-control type=text name=input_value[0] placeholder=text required><input type=hidden name=input_label[0] value=adas></div></div>',NULL,'2019-10-09 08:51:22','2019-10-09 08:51:22'),
(131,64,'<div id=card-input-0 data-key=adas data-id=0 class=card-input><div class=form-group><label>asd</label><input class=form-control type=text name=input_value[0] placeholder=text required><input type=hidden name=input_label[0] value=adas></div></div>',NULL,'2019-10-09 08:57:22','2019-10-09 08:57:22'),
(132,65,'<div id=card-input-0 data-key=adas data-id=0 class=card-input><div class=form-group><label>asd</label><input class=form-control type=text name=input_value[0] placeholder=text required><input type=hidden name=input_label[0] value=adas></div></div>',NULL,'2019-10-09 08:57:50','2019-10-09 08:57:50'),
(133,66,'<div id=card-input-0 data-key=adas data-id=0 class=card-input><div class=form-group><label>asd</label><input class=form-control type=text name=input_value[0] placeholder=text required><input type=hidden name=input_label[0] value=adas></div></div>',NULL,'2019-10-09 08:58:04','2019-10-09 08:58:04'),
(134,67,'<div id=card-input-0 data-key=adas data-id=0 class=card-input><div class=form-group><label>asd</label><input class=form-control type=text name=input_value[0] placeholder=text required><input type=hidden name=input_label[0] value=adas></div></div>',NULL,'2019-10-09 08:58:11','2019-10-09 08:58:11'),
(135,68,'<div id=card-input-0 data-key=wer data-id=0 class=card-input><div class=form-group><label>wer</label><input class=form-control type=text name=input_value[0] placeholder=text required><input type=hidden name=input_label[0] value=wer></div></div>',NULL,'2019-10-09 09:04:00','2019-10-09 09:04:00'),
(248,86,'<div id=card-input-0 data-required=Yes data-key=nama_customer data-id=0 class=card-input><div class=form-group><label>Nama Customer</label><input class=form-control type=text name=input_value[0] placeholder=text required><input type=hidden name=input_label[0] value=nama_customer></div></div>','nama_customer','2020-01-14 04:59:47','2020-01-14 04:59:47'),
(249,86,'<div id=card-input-1 data-required=Yes data-key=telp_customer data-id=1 class=card-input><div class=form-group><label>No Hp/Telp</label><input class=form-control type=number name=input_value[1] placeholder=number required><input type=hidden name=input_label[1] value=telp_customer></div></div>','telp_customer','2020-01-14 04:59:47','2020-01-14 04:59:47'),
(250,86,'<div id=card-input-2 data-required=Yes data-key=alamat_customer data-id=2 class=card-input><div class=form-group><label>Alamat Customer</label><input class=form-control type=text name=input_value[2] placeholder=text required><input type=hidden name=input_label[2] value=alamat_customer></div></div>','alamat_customer','2020-01-14 04:59:47','2020-01-14 04:59:47'),
(251,85,'<div id=card-input-0 data-required=Yes data-key=kode_barang data-id=0 class=card-input><div class=form-group><label>Kode Barang</label><input class=form-control type=text name=input_value[0] placeholder=text required><input type=hidden name=input_label[0] value=kode_barang></div></div>','kode_barang','2020-01-14 05:00:35','2020-01-14 05:00:35'),
(252,85,'<div id=card-input-1 data-required=Yes data-key=nama_barang data-id=1 class=card-input><div class=form-group><label>Nama Barang</label><input class=form-control type=text name=input_value[1] placeholder=text required><input type=hidden name=input_label[1] value=nama_barang></div></div>','nama_barang','2020-01-14 05:00:35','2020-01-14 05:00:35'),
(253,85,'<div id=card-input-2 data-required=Yes data-key=harga_barang data-id=2 class=card-input><div class=form-group><label>Harga Barang</label><input class=form-control type=text name=input_value[2] placeholder=text required><input type=hidden name=input_label[2] value=harga_barang></div></div>','harga_barang','2020-01-14 05:00:35','2020-01-14 05:00:35'),
(254,85,'<div id=card-input-3 data-required=Yes data-key=foto_barang_1 data-id=3 class=card-input><div class=form-group><label>Foto Barang 1</label><input class=form-control type=file name=input_value[3] placeholder=file required><input type=hidden name=input_label[3] value=foto_barang_1></div></div>','foto_barang_1','2020-01-14 05:00:35','2020-01-14 05:00:35'),
(255,85,'<div id=card-input-4 data-required=Yes data-key=foto_barang_2 data-id=4 class=card-input><div class=form-group><label>Foto Barang 2</label><input class=form-control type=file name=input_value[4] placeholder=file required><input type=hidden name=input_label[4] value=foto_barang_2></div></div>','foto_barang_2','2020-01-14 05:00:36','2020-01-14 05:00:36'),
(256,85,'<div id=card-input-5 data-required=Yes data-key=id_jenis_barang data-id=5 class=card-input><div class=form-group><label>Jenis Barang</label><input data-toggle=modal data-target=#table-modal-5  id=tm-radio-5 class=\'form-control readonly\' type=tablemodal placeholder=\'Click to Set This Input\' required><div class=modal id=table-modal-5><div class=\'modal-dialog modal-xl modal-dialog-scrollable\'>                    <div class=modal-content>                        <div class=modal-header>                            <h4 class=modal-title>Select Data</h4>                            <button type=button class=close data-dismiss=modal>×</button>                        </div>                        <div class=modal-body>                            <div class=table-responsive>                                <table id=example class=table>                                    <thead class=thead-dark>                                        <th></th><th>nama_jenis_barang</th></thead>                                    <tbody>                                        <tr><td><center><input class=tm-radio-5 type=radio name=input_value[5] value=1></center></td><td>Daging</td></tr><tr><td><center><input class=tm-radio-5 type=radio name=input_value[5] value=2></center></td><td>Elektronik</td></tr><tr><td><center><input class=tm-radio-5 type=radio name=input_value[5] value=3></center></td><td>Sayuran</td></tr><tr><td><center><input class=tm-radio-5 type=radio name=input_value[5] value=4></center></td><td>Kebersihan</td></tr><tr><td><center><input class=tm-radio-5 type=radio name=input_value[5] value=5></center></td><td>Alat Tulis</td></tr><tr><td><center><input class=tm-radio-5 type=radio name=input_value[5] value=6></center></td><td>Buku</td></tr>                                    </tbody>                                </table>                            </div>                        </div>                        <div class=modal-footer>                            <button id=btn-delete-selected-5 type=button class=\'btn btn-danger\'>Delete Selected</button>                            <button data-dismiss=modal type=button class=\'btn btn-primary\'>Submit Selected</button>                        </div>                    </div>                </div>            </div>            <script>                $(\'.table\').DataTable();                $(\'.tm-radio-5\').on(\'click\', function(event){                    var tds =  new Array();                    var class_name = this.className;                    var row = $(this).parent().closest(\'tr\');                    row.find(\'td\').each (function() {                        var count = $(this).children().length;                        if(count == 0) tds.push($(this).html());                    });                    var tds_string = tds.join(\', \');                    $(\'#\'+class_name).val(tds_string);                });                $(\'.readonly\').on(\'keydown paste\', function(e){e.preventDefault();});                $(\'#btn-delete-selected-5\').click(function() {                    $(\'.tm-radio-5\').prop(\'checked\', false);                    $(\'#tm-radio-5\').val(\'\');                });            </script><input type=hidden name=input_label[5] value=id_jenis_barang></div></div>','id_jenis_barang','2020-01-14 05:00:36','2020-01-14 05:00:36'),
(332,122,'<div id=card-input-0 data-required=Yes data-key=sdfds data-id=0 class=card-input><div class=form-group><label>dsf</label><input class=form-control type=text name=input_value[0] placeholder=text required><input type=hidden name=input_label[0] value=sdfds></div></div>','sdfds','2020-11-26 06:37:52','2020-11-26 06:37:52'),
(333,123,'<div id=card-input-0 data-required=Yes data-key=sadsa data-id=0 class=card-input><div class=form-group><label>asd</label><input class=form-control type=text name=input_value[0] placeholder=text required><input type=hidden name=input_label[0] value=sadsa></div></div>','sadsa','2020-11-26 06:38:15','2020-11-26 06:38:15'),
(334,124,'<div id=card-input-0 data-required=Yes data-key=dsadasd data-id=0 class=card-input><div class=form-group><label>asdas</label><input class=form-control type=text name=input_value[0] placeholder=text required><input type=hidden name=input_label[0] value=dsadasd></div></div>','dsadasd','2020-11-26 08:03:34','2020-11-26 08:03:34'),
(335,125,'<div id=card-input-0 data-required=Yes data-key=s data-id=0 class=card-input><div class=form-group><label>asdas</label><input class=form-control type=text name=input_value[0] placeholder=text required><input type=hidden name=input_label[0] value=s></div></div>','s','2020-11-26 08:23:07','2020-11-26 08:23:07'),
(336,126,'<div id=card-input-0 data-required=Yes data-key=asdasdasd data-id=0 class=card-input><div class=form-group><label>sads</label><input class=form-control type=text name=input_value[0] placeholder=text required><input type=hidden name=input_label[0] value=asdasdasd></div></div>','asdasdasd','2020-11-26 09:15:06','2020-11-26 09:15:06'),
(337,127,'<div id=card-input-0 data-required=Yes data-key=vbvbv data-id=0 class=card-input><div class=form-group><label>vb</label><input class=form-control type=text name=input_value[0] placeholder=text required><input type=hidden name=input_label[0] value=vbvbv></div></div>','vbvbv','2020-11-26 09:15:22','2020-11-26 09:15:22'),
(338,128,'<div id=card-input-0 data-required=Yes data-key=sad data-id=0 class=card-input><div class=form-group><label>asdasd</label><input class=form-control type=text name=input_value[0] placeholder=text required><input type=hidden name=input_label[0] value=sad></div></div>','sad','2020-11-26 09:15:39','2020-11-26 09:15:39'),
(346,129,'<div id=card-input-0 data-required=Yes data-key=no_kk data-id=0 class=card-input><div class=form-group><label>Nomor KK</label><input class=form-control type=text name=input_value[0] placeholder=text required><input type=hidden name=input_label[0] value=no_kk></div></div>','no_kk','2021-01-17 22:00:02','2021-01-17 22:00:02'),
(347,129,'<div id=card-input-1 data-required=Yes data-key=nama_kepala_keluarga data-id=1 class=card-input><div class=form-group><label>Nama Kepala keluarga</label><input class=form-control type=text name=input_value[1] placeholder=text required><input type=hidden name=input_label[1] value=nama_kepala_keluarga></div></div>','nama_kepala_keluarga','2021-01-17 22:00:02','2021-01-17 22:00:02'),
(348,129,'<div id=card-input-2 data-required=Yes data-key=jumlah_keluarga data-id=2 class=card-input><div class=form-group><label>Jumlah Anggota Keluarga</label><input class=form-control type=number name=input_value[2] placeholder=number required><input type=hidden name=input_label[2] value=jumlah_keluarga></div></div>','jumlah_keluarga','2021-01-17 22:00:03','2021-01-17 22:00:03'),
(349,129,'<div id=card-input-3 data-required=Yes data-key=alamat data-id=3 class=card-input><div class=form-group><label>Alamat</label><input class=form-control type=text name=input_value[3] placeholder=text required><input type=hidden name=input_label[3] value=alamat></div></div>','alamat','2021-01-17 22:00:03','2021-01-17 22:00:03'),
(350,129,'<div id=card-input-4 data-required=Yes data-key=foto_kk data-id=4 class=card-input><div class=form-group><label>Foto KK</label><input class=form-control type=file name=input_value[4] placeholder=file required><input type=hidden name=input_label[4] value=foto_kk></div></div>','foto_kk','2021-01-17 22:00:03','2021-01-17 22:00:03'),
(351,129,'<div id=card-input-6 data-required=Yes data-key=status data-id=6 class=card-input><div class=form-group><label>Status</label><div class=check><div class=form-check><label class=form-check-label><input required type=radio name=input_value[6] value=Aktif>Aktif</label></div><div class=form-check><label class=form-check-label><input required type=radio name=input_value[6] value=Tidak Aktif>Tidak Aktif</label></div></div><input type=hidden name=input_label[6] value=status></div></div>','status','2021-01-17 22:00:03','2021-01-17 22:00:03'),
(352,129,'<div id=card-input-5 data-required=Yes data-key=tanggal data-id=5 class=card-input><div class=form-group><label>Tanggal Pencatatan</label><input class=form-control type=date name=input_value[5] placeholder=date required><input type=hidden name=input_label[5] value=tanggal></div></div>','tanggal','2021-01-17 22:00:03','2021-01-17 22:00:03'),
(376,133,'<div id=card-input-0 data-required=Yes data-key=desa data-id=0 class=card-input><div class=form-group><label>desa</label><input data-toggle=modal data-target=#table-modal-0 id=tm-radio-0 class=\'form-control readonly\' type=tablemodal placeholder=\'Click to Set This Input\' required><div class=modal id=table-modal-0><div class=\'modal-dialog modal-xl modal-dialog-scrollable\'>                    <div class=modal-content>                        <div class=modal-header>                            <h4 class=modal-title>Select Data</h4>                            <button type=button class=close data-dismiss=modal>×</button>                        </div>                        <div class=modal-body>                            <div class=table-responsive>                                <table id=example class=\'table table-bordered\'>                                    <thead class=thead-dark>                                        <?php                                            $table_modal = \'desa\';                                            $dir = \'dropbox/tablemodal/\'.$folder_name.\'/\'.$table_modal.\'.json\';                                            $json = json_decode(file_get_contents($dir), true);                                            foreach(array_keys($json[0]) as $column){                                        ?>                                            <th><?php echo($column); ?></th>                                        <?php                                            }                                        ?>                                    </thead>                                    <tbody>                                        <?php                                             foreach($json as $rows){                                                $i=0;                                        ?>                                        <tr>                                            <?php                                                 foreach($rows as $row){                                                    if($i == 0){                                            ?>                                                    <td>                                                        <center>                                                            <input class=tm-radio-0 type=radio name=input_value[0] value=<?php echo($row) ?>>                                                        </center>                                                    </td>                                            <?php   } else { ?>                                                    <td><?php echo($row); ?></td>                                            <?php                                                    }                                                    $i++;                                                }                                            ?>                                        </tr>                                        <?php                                             }                                        ?>                                    </tbody>                                </table>                            </div>                        </div>                        <div class=modal-footer>                            <button id=btn-delete-selected-0 type=button class=\'btn btn-danger\'>Delete Selected</button>                            <button data-dismiss=modal type=button class=\'btn btn-primary\'>Submit Selected</button>                        </div>                    </div>                </div>            </div>            <script>                $(\'.table\').DataTable();                $(\'.tm-radio-0\').on(\'click\', function(event){                    var tds =  new Array();                    var class_name = this.className;                    var row = $(this).parent().closest(\'tr\');                    row.find(\'td\').each (function() {                        var count = $(this).children().length;                        if(count == 0) tds.push($(this).html());                    });                    var tds_string = tds.join(\', \');                    $(\'#\'+class_name).val(tds_string);                });                $(\'.readonly\').on(\'keydown paste\', function(e){e.preventDefault();});                $(\'#btn-delete-selected-0\').click(function() {                    $(\'.tm-radio-0\').prop(\'checked\', false);                    $(\'#tm-radio-0\').val(\'\');                });            </script><input type=hidden name=input_label[0] value=desa></div></div>','desa','2021-06-08 05:35:11','2021-06-08 05:35:11'),
(377,133,'<div id=card-input-1 data-required=Yes data-key=brg data-id=1 class=card-input><div class=form-group><label>brg</label><input data-toggle=modal data-target=#table-modal-1 id=tm-radio-1 class=\'form-control readonly\' type=tablemodal placeholder=\'Click to Set This Input\' required><div class=modal id=table-modal-1><div class=\'modal-dialog modal-xl modal-dialog-scrollable\'>                    <div class=modal-content>                        <div class=modal-header>                            <h4 class=modal-title>Select Data</h4>                            <button type=button class=close data-dismiss=modal>×</button>                        </div>                        <div class=modal-body>                            <div class=table-responsive>                                <table id=example class=\'table table-bordered\'>                                    <thead class=thead-dark>                                        <?php                                            $table_modal = \'brg\';                                            $dir = \'dropbox/tablemodal/\'.$folder_name.\'/\'.$table_modal.\'.json\';                                            $json = json_decode(file_get_contents($dir), true);                                            foreach(array_keys($json[0]) as $column){                                        ?>                                            <th><?php echo($column); ?></th>                                        <?php                                            }                                        ?>                                    </thead>                                    <tbody>                                        <?php                                             foreach($json as $rows){                                                $i=0;                                        ?>                                        <tr>                                            <?php                                                 foreach($rows as $row){                                                    if($i == 0){                                            ?>                                                    <td>                                                        <center>                                                            <input class=tm-radio-1 type=radio name=input_value[1] value=<?php echo($row) ?>>                                                        </center>                                                    </td>                                            <?php   } else { ?>                                                    <td><?php echo($row); ?></td>                                            <?php                                                    }                                                    $i++;                                                }                                            ?>                                        </tr>                                        <?php                                             }                                        ?>                                    </tbody>                                </table>                            </div>                        </div>                        <div class=modal-footer>                            <button id=btn-delete-selected-1 type=button class=\'btn btn-danger\'>Delete Selected</button>                            <button data-dismiss=modal type=button class=\'btn btn-primary\'>Submit Selected</button>                        </div>                    </div>                </div>            </div>            <script>                $(\'.table\').DataTable();                $(\'.tm-radio-1\').on(\'click\', function(event){                    var tds =  new Array();                    var class_name = this.className;                    var row = $(this).parent().closest(\'tr\');                    row.find(\'td\').each (function() {                        var count = $(this).children().length;                        if(count == 0) tds.push($(this).html());                    });                    var tds_string = tds.join(\', \');                    $(\'#\'+class_name).val(tds_string);                });                $(\'.readonly\').on(\'keydown paste\', function(e){e.preventDefault();});                $(\'#btn-delete-selected-1\').click(function() {                    $(\'.tm-radio-1\').prop(\'checked\', false);                    $(\'#tm-radio-1\').val(\'\');                });            </script><input type=hidden name=input_label[1] value=brg></div></div>','brg','2021-06-08 05:35:11','2021-06-08 05:35:11'),
(479,161,'<div id=card-input-0 data-required=Yes data-key=text data-id=0 class=card-input><div class=form-group><label>text</label><input class=form-control type=text name=input_value[0] placeholder=text required><input type=hidden name=input_label[0] value=text></div></div>','text','2021-06-22 02:48:22','2021-06-22 02:48:22'),
(480,161,'<div id=card-input-2 data-required=Yes data-key=multiple choice data-id=2 class=card-input><div class=form-group><label>multiple choice</label><div class=check><div class=form-check><label class=form-check-label><input required type=radio name=input_value[2] value=a>a</label></div><div class=form-check><label class=form-check-label><input required type=radio name=input_value[2] value=b>b</label></div><div class=form-check><label class=form-check-label><input required type=radio name=input_value[2] value=c>c</label></div></div><input type=hidden name=input_label[2] value=multiple choice></div></div>','multiple choice','2021-06-22 02:48:22','2021-06-22 02:48:22'),
(481,161,'<div id=card-input-3 data-required=Yes data-key=checkbox data-id=3 class=card-input><div class=form-group><label>checkbox</label><div class=\'check checkbox-validation\'><div class=form-check><label class=form-check-label><input type=checkbox name=input_value[3][0] value=1>1</label></div><div class=form-check><label class=form-check-label><input type=checkbox name=input_value[3][1] value=2>2</label></div><div class=form-check><label class=form-check-label><input type=checkbox name=input_value[3][2] value=3>3</label></div></div><input type=hidden name=input_label[3] value=checkbox></div></div>','checkbox','2021-06-22 02:48:22','2021-06-22 02:48:22'),
(482,161,'<div id=card-input-4 data-required=Yes data-key=dropdown data-id=4 class=card-input><div class=form-group><label>dropdown</label><select required class=form-control name=input_value[4]><option value= >-- Select dropdown --</option><option>4</option><option>5</option><option>6</option></select><input type=hidden name=input_label[4] value=dropdown></div></div>','dropdown','2021-06-22 02:48:22','2021-06-22 02:48:22'),
(483,161,'<div id=card-input-5 data-required=Yes data-key=file data-id=5 class=card-input><div class=form-group><label>file</label><input class=form-control type=file name=input_value[5] placeholder=file required><input type=hidden name=input_label[5] value=file></div></div>','file','2021-06-22 02:48:22','2021-06-22 02:48:22'),
(484,161,'<div id=card-input-6 data-required=Yes data-key=date data-id=6 class=card-input><div class=form-group><label>date</label><input class=form-control type=date name=input_value[6] placeholder=date required><input type=hidden name=input_label[6] value=date></div></div>','date','2021-06-22 02:48:22','2021-06-22 02:48:22'),
(485,161,'<div id=card-input-7 data-required=Yes data-key=tablemodal data-id=7 class=card-input><div class=form-group><label>tablemodal</label><input  class=\'tm-modal-toggler form-control readonly\' type=tablemodal placeholder=\'Click to Set This Input\' required><div class=modal><div class=\'modal-dialog modal-xl modal-dialog-scrollable\'>                    <div class=modal-content>                        <div class=modal-header>                            <h4 class=modal-title>Select Data</h4>                            <button type=button class=\'close tm-modal-close\' data-dismiss=modal>×</button>                        </div>                        <div class=modal-body>                            <div class=table-responsive>                                <table id=example class=\'table table-bordered is-data-table\'>                                    <thead class=thead-dark>                                        <?php                                            $table_modal = \'tablemodal\';                                            $dir = \'dropbox/tablemodal/\'.$folder_name.\'/\'.$table_modal.\'.json\';                                            $json = json_decode(file_get_contents($dir), true);                                            foreach(array_keys($json[0]) as $column){                                        ?>                                            <th><?php echo($column); ?></th>                                        <?php                                            }                                        ?>                                    </thead>                                    <tbody>                                        <?php                                             foreach($json as $rows){                                                $i=0;                                        ?>                                        <tr>                                            <?php                                                 foreach($rows as $row){                                                    if($i == 0){                                            ?>                                                    <td>                                                        <center>                                                            <input class=tm-radio-input type=radio name=input_value[7] value=<?php echo($row) ?>>                                                        </center>                                                    </td>                                            <?php   } else { ?>                                                    <td><?php echo($row);?></td>                                            <?php                                                    }                                                    $i++;                                                }                                            ?>                                        </tr>                                        <?php                                             }                                        ?>                                    </tbody>                                </table>                            </div>                        </div>                        <div class=modal-footer>                            <button type=button class=\'tm-radio-delete btn btn-danger\'>Delete Selected</button>                            <button data-dismiss=modal type=button class=\'tm-modal-close btn btn-primary\'>Submit Selected</button>                        </div>                    </div>                </div>            </div>            <script>                $(\'.tm-modal-toggler\').click(function(){                    $(this).parent().find(\'.modal\').modal();                });                $(\'.tm-modal-close\').click(function(){                    $(this).parent().parent().parent().parent().modal(\'hide\');                });                $(\'.tm-radio-input\').click(function(){                    var tds = new Array();                    var class_name = this.className;                    var row = $(this).parent().closest(\'tr\');                    row.find(\'td\').each(function() {                        var count = $(this).children().length;                        if(count == 0) tds.push($(this).html());                    });                    var tds_string = tds.join(\', \');                    $(this).parent().parent().parent().parent().parent().parent().parent().parent().parent().parent().parent().parent().parent().parent().find(\'.tm-modal-toggler\').val(tds_string);                });                $(\'.tm-radio-delete\').click(function(){                    $(this).parent().parent().find(\'.tm-radio-input\').prop(\'checked\', false);                    $(this).parent().parent().parent().parent().parent().find(\'.tm-modal-toggler\').val(\'\');                });                $(\'.readonly\').on(\'keydown paste\', function(e) {                    $(this).preventDefault();                });            </script><input type=hidden name=input_label[7] value=tablemodal></div></div>','tablemodal','2021-06-22 02:48:22','2021-06-22 02:48:22'),
(486,161,'<div id=card-input-1000 data-required=Yes data-key=subform1 data-id=1000 class=card-input>     <div class=form-group>         <input type=hidden name=input_label[1000][main] value=subform1>         <input type=hidden name=input_label[1000][count] value=7>         <label>Anggota Keluarga</label>         <div class=table-responsive>             <table id=example class=\'table table-bordered\'>                 <thead class=thead-dark>                     <th>subform</th>                     <th>multiplechoice</th>                     <th>checkbox</th>                     <th>dropdown</th>                     <th>file</th>                     <th>datetime</th>                     <th>tablemodal</th>                     <th>action</th>                 </thead>                 <tbody id=subform1>                  </tbody>             </table>         </div>         <button type=button id=tab-subform1><a>Tambah subform1</a></button>     </div> </div>','subform1','2021-06-22 02:49:51','2021-06-22 02:49:51'),
(487,161,'<div id=card-input-1001 data-required=Yes data-key=subform2 data-id=1001 class=card-input>     <div class=form-group>         <input type=hidden name=input_label[1001][main] value=subform2>         <input type=hidden name=input_label[1001][count] value=2>         <label>Anggota Keluarga</label>         <div class=table-responsive>             <table id=example class=\'table table-bordered\'>                 <thead class=thead-dark>                     <th>teks</th>                     <th>datetime</th>                     <th>action</th>                 </thead>                 <tbody id=subform2>                  </tbody>             </table>         </div>         <button type=button id=tab-subform2><a>Tambah subform2</a></button>     </div> </div>','subform2','2021-06-22 02:50:53','2021-06-22 02:50:53');

/*Table structure for table `forms` */

DROP TABLE IF EXISTS `forms`;

CREATE TABLE `forms` (
  `id` bigint(20) NOT NULL AUTO_INCREMENT,
  `project_id` bigint(20) DEFAULT NULL,
  `title` varchar(50) DEFAULT NULL,
  `description` varchar(200) DEFAULT NULL,
  `form_name` varchar(100) DEFAULT NULL,
  `created_at` timestamp NULL DEFAULT current_timestamp(),
  `updated_at` timestamp NULL DEFAULT current_timestamp(),
  `menu_index` tinyint(4) DEFAULT NULL,
  PRIMARY KEY (`id`),
  KEY `project_id` (`project_id`),
  CONSTRAINT `forms_ibfk_1` FOREIGN KEY (`project_id`) REFERENCES `projects` (`id`)
) ENGINE=InnoDB AUTO_INCREMENT=162 DEFAULT CHARSET=latin1;

/*Data for the table `forms` */

insert  into `forms`(`id`,`project_id`,`title`,`description`,`form_name`,`created_at`,`updated_at`,`menu_index`) values 
(7,NULL,'Product Input Form',NULL,NULL,'2019-06-03 01:50:01','2019-06-03 01:50:01',NULL),
(8,NULL,'Test Form',NULL,NULL,'2019-06-03 01:53:42','2019-06-03 01:53:42',NULL),
(9,NULL,'asdas',NULL,NULL,'2019-06-03 02:48:55','2019-06-03 02:48:55',NULL),
(10,NULL,'sad',NULL,NULL,'2019-06-03 02:51:43','2019-06-03 02:51:43',NULL),
(11,NULL,'sad',NULL,NULL,'2019-06-03 02:56:45','2019-06-03 02:56:45',NULL),
(12,NULL,'asd',NULL,NULL,'2019-06-03 03:01:36','2019-06-03 03:01:36',NULL),
(13,NULL,'Form Mhs',NULL,NULL,'2019-06-03 05:50:46','2019-06-03 05:50:46',NULL),
(14,NULL,'Form Mhs',NULL,NULL,'2019-06-03 05:52:14','2019-06-03 05:52:14',NULL),
(15,NULL,'MHS',NULL,NULL,'2019-06-03 05:58:08','2019-06-03 05:58:08',NULL),
(16,NULL,'MHS',NULL,NULL,'2019-06-03 06:00:48','2019-06-03 06:00:48',NULL),
(17,NULL,'Siswa',NULL,NULL,'2019-06-03 06:04:49','2019-06-03 06:04:49',NULL),
(18,NULL,'Siswa',NULL,NULL,'2019-06-03 06:21:46','2019-06-03 06:21:46',NULL),
(19,NULL,'Mhs',NULL,NULL,'2019-06-03 11:50:39','2019-06-03 11:50:39',NULL),
(20,NULL,'Siswa',NULL,NULL,'2019-06-04 03:42:18','2019-06-04 03:42:18',NULL),
(21,NULL,'q',NULL,NULL,'2019-06-04 04:00:59','2019-06-04 04:00:59',NULL),
(22,NULL,'Form Anjay',NULL,NULL,'2019-06-10 04:41:17','2019-06-10 04:41:17',NULL),
(23,NULL,'adsad','d',NULL,'2019-06-15 13:26:10','2019-06-15 13:26:10',NULL),
(24,NULL,'Form Data Dosen',NULL,NULL,'2019-06-19 17:38:16','2019-06-19 17:38:16',NULL),
(25,NULL,'AA','sdsd',NULL,'2019-06-19 17:58:50','2019-06-19 17:58:50',NULL),
(26,NULL,'Penginputan Barang',NULL,NULL,'2019-09-25 07:02:01','2019-09-25 07:02:01',NULL),
(27,NULL,'asdas',NULL,NULL,'2019-09-25 07:14:43','2019-09-25 07:14:43',NULL),
(28,NULL,'asdas',NULL,NULL,'2019-09-25 07:41:48','2019-09-25 07:41:48',NULL),
(29,NULL,'sadas',NULL,NULL,'2019-09-25 07:44:59','2019-09-25 07:44:59',NULL),
(30,NULL,'sadas',NULL,NULL,'2019-09-25 07:44:59','2019-09-25 07:44:59',NULL),
(31,NULL,'Barang',NULL,NULL,'2019-09-25 14:07:58','2019-09-25 14:07:58',NULL),
(32,NULL,'Barang',NULL,NULL,'2019-09-25 14:12:33','2019-09-25 14:12:33',NULL),
(33,NULL,'adasd',NULL,NULL,'2019-09-25 14:13:59','2019-09-25 14:13:59',NULL),
(34,NULL,'ads','ad',NULL,'2019-09-25 14:15:51','2019-09-25 14:15:51',NULL),
(35,NULL,'tertert','erter',NULL,'2019-09-25 14:23:24','2019-09-25 14:23:24',NULL),
(36,NULL,'tertert','erter',NULL,'2019-09-25 14:23:56','2019-09-25 14:23:56',NULL),
(37,NULL,'tertert','erter',NULL,'2019-09-25 14:54:21','2019-09-25 14:54:21',NULL),
(38,NULL,'!!!',NULL,NULL,'2019-09-25 15:05:23','2019-09-25 15:05:23',NULL),
(39,NULL,'!!!',NULL,NULL,'2019-09-25 15:07:35','2019-09-25 15:07:35',NULL),
(40,NULL,'anjay',NULL,NULL,'2019-09-25 15:18:30','2019-09-25 15:18:30',NULL),
(41,NULL,'anjytt',NULL,NULL,'2019-09-25 15:23:57','2019-09-25 15:23:57',NULL),
(42,NULL,'anjytt',NULL,NULL,'2019-09-25 15:24:17','2019-09-25 15:24:17',NULL),
(43,NULL,'Form Barang','form untuk penginputan barang',NULL,'2019-09-25 15:30:46','2019-09-25 15:30:46',NULL),
(44,NULL,'FormBG','adad',NULL,'2019-09-25 15:39:35','2019-09-25 15:39:35',NULL),
(45,NULL,'FormBG2','asdsad',NULL,'2019-09-25 15:40:50','2019-09-25 15:40:50',NULL),
(46,NULL,'FormBG2','adasd',NULL,'2019-09-25 15:43:20','2019-09-25 15:43:20',NULL),
(47,NULL,'FormBG2','adasd',NULL,'2019-09-25 15:46:57','2019-09-25 15:46:57',NULL),
(48,NULL,'FormBG2','asdad',NULL,'2019-09-25 15:48:59','2019-09-25 15:48:59',NULL),
(49,NULL,'FormBG2','asdas',NULL,'2019-09-25 15:53:02','2019-09-25 15:53:02',NULL),
(50,NULL,'fsdsf',NULL,NULL,'2019-09-29 10:57:08','2019-09-29 10:57:08',NULL),
(51,NULL,'Form Mahasiswa','input data mahasiswa unud',NULL,'2019-10-02 05:50:01','2019-10-02 05:50:01',NULL),
(52,NULL,'Form Mahasiswa',NULL,NULL,'2019-10-02 06:22:44','2019-10-02 06:22:44',NULL),
(53,NULL,'Form Mahasiswa',NULL,NULL,'2019-10-02 06:23:28','2019-10-02 06:23:28',NULL),
(54,NULL,'sfsd',NULL,NULL,'2019-10-02 06:36:49','2019-10-02 06:36:49',NULL),
(55,NULL,'Form Mahasiswa','Input Data Mhs Unud',NULL,'2019-10-02 06:38:10','2019-10-02 06:38:10',NULL),
(56,NULL,'Form Mahasiswa',NULL,NULL,'2019-10-02 06:40:22','2019-10-02 06:40:22',NULL),
(57,NULL,'FormMahasiswa','asdasdfas',NULL,'2019-10-09 07:29:42','2019-10-09 07:29:42',NULL),
(58,NULL,'FormMahasiswa','asdasdfas',NULL,'2019-10-09 07:30:10','2019-10-09 07:30:10',NULL),
(59,NULL,'asd','asd',NULL,'2019-10-09 07:35:21','2019-10-09 07:35:21',NULL),
(60,NULL,'FormMahasiswa','dasdas',NULL,'2019-10-09 07:44:02','2019-10-09 07:44:02',NULL),
(61,NULL,'FormMahasiswa','dasdas',NULL,'2019-10-09 07:44:43','2019-10-09 07:44:43',NULL),
(62,NULL,'asd','asd',NULL,'2019-10-09 08:51:13','2019-10-09 08:51:13',NULL),
(63,NULL,'asd','asd',NULL,'2019-10-09 08:51:22','2019-10-09 08:51:22',NULL),
(64,NULL,'asd','asd',NULL,'2019-10-09 08:57:22','2019-10-09 08:57:22',NULL),
(65,NULL,'asd','asd',NULL,'2019-10-09 08:57:50','2019-10-09 08:57:50',NULL),
(66,NULL,'asd','asd',NULL,'2019-10-09 08:58:04','2019-10-09 08:58:04',NULL),
(67,NULL,'asd','asd',NULL,'2019-10-09 08:58:11','2019-10-09 08:58:11',NULL),
(68,NULL,'weer','wer',NULL,'2019-10-09 09:04:00','2019-10-09 09:04:00',NULL),
(85,14,'Form Barang',NULL,'master_barang','2019-10-27 05:13:37','2020-11-26 10:01:44',1),
(86,14,'Form Customer',NULL,'master_customer','2019-10-27 05:15:06','2020-11-26 10:01:44',2),
(122,6,'dsfsd',NULL,'sdf','2020-11-26 06:37:52','2020-11-26 08:23:28',4),
(123,6,'sadasd','sdsa','sdfsdfsd','2020-11-26 06:38:15','2020-11-26 08:23:31',3),
(124,6,'sadsd',NULL,'gfgfg','2020-11-26 08:03:34','2020-11-26 08:23:33',2),
(125,6,'sadasdas',NULL,'sd','2020-11-26 08:23:07','2020-11-26 08:23:33',1),
(126,6,'asdasd',NULL,'sds','2020-11-26 09:15:06','2020-11-26 09:15:06',5),
(127,6,'vbvbvb',NULL,'vbvbv','2020-11-26 09:15:22','2020-11-26 09:15:22',6),
(128,6,'adasd',NULL,'sdsd','2020-11-26 09:15:38','2020-11-26 09:15:38',7),
(129,22,'Form Input KK',NULL,'form_input_kk','2021-01-17 21:26:36','2021-01-17 21:26:36',1),
(133,26,'tes',NULL,'tess','2021-06-08 05:35:11','2021-06-08 05:35:11',1),
(161,23,'main form',NULL,'main_form','2021-06-22 02:48:22','2021-06-22 02:48:22',1);

/*Table structure for table `input_types` */

DROP TABLE IF EXISTS `input_types`;

CREATE TABLE `input_types` (
  `id` int(5) NOT NULL AUTO_INCREMENT,
  `input_type` varchar(50) DEFAULT NULL,
  `html` varchar(50) DEFAULT NULL,
  `is_option` tinyint(1) DEFAULT NULL,
  `created_at` timestamp NULL DEFAULT current_timestamp(),
  `updated_at` timestamp NULL DEFAULT current_timestamp(),
  PRIMARY KEY (`id`)
) ENGINE=InnoDB AUTO_INCREMENT=14 DEFAULT CHARSET=latin1;

/*Data for the table `input_types` */

insert  into `input_types`(`id`,`input_type`,`html`,`is_option`,`created_at`,`updated_at`) values 
(1,'Text','text',0,'2019-10-09 21:34:20','2019-10-09 21:34:20'),
(2,'Number','number',0,'2019-10-09 21:34:20','2019-10-09 21:34:20'),
(3,'Multiple Choice','radio',1,'2019-10-09 21:34:20','2019-10-09 21:34:20'),
(4,'Checkbox','checkbox',1,'2019-10-09 21:34:20','2019-10-09 21:34:20'),
(5,'Dropdown','dropdown',1,'2019-10-09 21:34:20','2019-10-09 21:34:20'),
(6,'File Upload','file',0,'2019-10-09 21:34:20','2019-10-09 21:34:20'),
(7,'Date','date',0,'2019-10-09 21:34:20','2019-10-09 21:34:20'),
(8,'Time','time',0,'2019-10-09 21:34:20','2019-10-09 21:34:20'),
(9,'Datetime','datetime-local',0,'2019-10-09 21:34:20','2019-10-09 21:34:20'),
(10,'Table Modal','tablemodal',2,'2019-10-09 21:34:20','2019-10-09 21:34:20');

/*Table structure for table `projects` */

DROP TABLE IF EXISTS `projects`;

CREATE TABLE `projects` (
  `id` bigint(20) NOT NULL AUTO_INCREMENT,
  `user_id` bigint(20) unsigned DEFAULT NULL,
  `project_name` varchar(100) DEFAULT NULL,
  `dropbox_app_key` varchar(100) DEFAULT NULL,
  `dropbox_app_secret` varchar(100) DEFAULT NULL,
  `dropbox_access_token` varchar(100) DEFAULT NULL,
  `created_at` timestamp NULL DEFAULT current_timestamp(),
  `updated_at` timestamp NULL DEFAULT current_timestamp(),
  `form_type` tinyint(4) DEFAULT NULL,
  `auth_file` year(4) DEFAULT NULL,
  PRIMARY KEY (`id`),
  KEY `user_id` (`user_id`),
  CONSTRAINT `projects_ibfk_1` FOREIGN KEY (`user_id`) REFERENCES `users` (`id`)
) ENGINE=InnoDB AUTO_INCREMENT=28 DEFAULT CHARSET=latin1;

/*Data for the table `projects` */

insert  into `projects`(`id`,`user_id`,`project_name`,`dropbox_app_key`,`dropbox_app_secret`,`dropbox_access_token`,`created_at`,`updated_at`,`form_type`,`auth_file`) values 
(6,5,'Project2','pguozkqfb6vn8w9','dw5h7xegfdm356a','apa_LdNqwrsAAAAAAAABfUSb9a8JZ5YuUMOK9FWi3oQp2AnPKyl8bARec7pjPns2','2019-10-09 21:39:13','2020-11-26 09:41:50',1,NULL),
(14,5,'Toko','pguozkqfb6vn8w9','dw5h7xegfdm356a','apa_LdNqwrsAAAAAAAABfUSb9a8JZ5YuUMOK9FWi3oQp2AnPKyl8bARec7pjPns2','2019-10-09 13:42:10','2020-11-26 09:53:54',0,NULL),
(22,5,'Pendataan_Penduduk','mv2e2ez6f9cnws3','s06jlyoycgoh97d','eX9vVYcKPuQAAAAAAAAAAYUS2wLUVR_E6r6NOSlOKB48mDQ1MrKI8G2WkIftRbqG','2020-02-05 04:15:27','2021-01-17 21:35:53',1,NULL),
(23,9,'Kependudukan','pguozkqfb6vn8w9','dw5h7xegfdm356a','86WQDWEoRaEAAAAAAAAAAURpMk0G89BvCfcCdN49Y3xkaLK89Aik5s42Xt26E1XC','2021-01-18 01:25:14','2021-01-18 01:25:14',1,NULL),
(26,10,'asdasd','asd','asd','sadasd','2021-06-08 05:31:30','2021-06-08 05:31:30',1,NULL);

/*Table structure for table `sub_form_inputs` */

DROP TABLE IF EXISTS `sub_form_inputs`;

CREATE TABLE `sub_form_inputs` (
  `id` bigint(20) NOT NULL AUTO_INCREMENT,
  `sub_form_id` bigint(20) DEFAULT NULL,
  `html` text DEFAULT NULL,
  `input_key` varchar(100) DEFAULT NULL,
  `created_at` timestamp NOT NULL DEFAULT current_timestamp(),
  `updated_at` timestamp NOT NULL DEFAULT current_timestamp(),
  PRIMARY KEY (`id`),
  KEY `subform_id` (`sub_form_id`),
  CONSTRAINT `sub_form_inputs_ibfk_1` FOREIGN KEY (`sub_form_id`) REFERENCES `sub_forms` (`id`)
) ENGINE=InnoDB AUTO_INCREMENT=129 DEFAULT CHARSET=latin1;

/*Data for the table `sub_form_inputs` */

insert  into `sub_form_inputs`(`id`,`sub_form_id`,`html`,`input_key`,`created_at`,`updated_at`) values 
(120,57,'<div id=card-input-0 data-required=Yes data-key=subform data-id=0 class=card-input><div class=form-group><label>subform</label><input class=\'subform-input form-control\' type=text  placeholder=text required><input class=subform-input type=hidden value=subform></div></div>','subform','2021-06-22 02:49:51','2021-06-22 02:49:51'),
(121,57,'<div id=card-input-1 data-required=Yes data-key=multiplechoice data-id=1 class=card-input><div class=form-group><label>multiplechoice</label><div class=\'check radio-validation  subform-input\'><div class=form-check><label class=form-check-label><input required type=radio name=input_value[1] value=1>1</label></div><div class=form-check><label class=form-check-label><input required type=radio name=input_value[1] value=2>2</label></div><div class=form-check><label class=form-check-label><input required type=radio name=input_value[1] value=3>3</label></div></div><input class=subform-input type=hidden value=multiplechoice></div></div>','multiplechoice','2021-06-22 02:49:51','2021-06-22 02:49:51'),
(122,57,'<div id=card-input-2 data-required=Yes data-key=checkbox data-id=2 class=card-input><div class=form-group><label>checkbox</label><div class=\'check checkbox-validation subform-input\'><div class=form-check><label class=form-check-label><input type=checkbox name=input_value[2][0] value=5>5</label></div><div class=form-check><label class=form-check-label><input type=checkbox name=input_value[2][1] value=6>6</label></div><div class=form-check><label class=form-check-label><input type=checkbox name=input_value[2][2] value=7>7</label></div></div><input class=subform-input type=hidden value=checkbox></div></div>','checkbox','2021-06-22 02:49:51','2021-06-22 02:49:51'),
(123,57,'<div id=card-input-3 data-required=Yes data-key=dropdown data-id=3 class=card-input><div class=form-group><label>dropdown</label><select required class=\'subform-input form-control\' name=input_value[3]><option value= >-- Select dropdown --</option><option>g</option><option>h</option><option>j</option></select><input class=subform-input type=hidden value=dropdown></div></div>','dropdown','2021-06-22 02:49:51','2021-06-22 02:49:51'),
(124,57,'<div id=card-input-4 data-required=Yes data-key=file data-id=4 class=card-input><div class=form-group><label>file</label><input class=\'subform-input form-control\' type=file name=file id=file placeholder=file required><input class=subform-input type=hidden value=file></div></div>','file','2021-06-22 02:49:51','2021-06-22 02:49:51'),
(125,57,'<div id=card-input-5 data-required=Yes data-key=datetime data-id=5 class=card-input><div class=form-group><label>datetime</label><input class=\'subform-input form-control\' type=datetime-local  placeholder=datetime-local required><input class=subform-input type=hidden value=datetime></div></div>','datetime','2021-06-22 02:49:52','2021-06-22 02:49:52'),
(126,57,'<div id=card-input-6 data-required=Yes data-key=tablemodal data-id=6 class=card-input><div class=form-group><label>tablemodal</label><input class=\'tm-modal-toggler form-control readonly\' type=tablemodal placeholder=\'Click to Set This Input\' required><div class=modal><div class=\'modal-dialog modal-xl modal-dialog-scrollable\'>                    <div class=modal-content>                        <div class=modal-header>                            <h4 class=modal-title>Select Data</h4>                            <button type=button class=\'close tm-modal-close\' data-dismiss=modal>×</button>                        </div>                        <div class=modal-body>                            <div class=table-responsive>                                <table id=example class=\'table table-bordered is-data-table\'>                                    <thead class=thead-dark>                                        <?php                                            $table_modal = \'tablemodal\';                                            $dir = \'dropbox/tablemodal/\'.$folder_name.\'/\'.$sub_folder_name.\'/\'.$table_modal.\'.json\';                                            $json = json_decode(file_get_contents($dir), true);                                            foreach(array_keys($json[0]) as $column){                                        ?>                                            <th><?php echo($column); ?></th>                                        <?php                                            }                                        ?>                                    </thead>                                    <tbody class=\'radio-validation subform-input\'>                                        <?php                                             foreach($json as $rows){                                                $i=0;                                        ?>                                        <tr>                                            <?php                                                 foreach($rows as $row){                                                    if($i == 0){                                            ?>                                                    <td>                                                        <center>                                                            <input class=\'tm-radio-input\' type=radio value=<?php echo($row) ?>>                                                        </center>                                                    </td>                                            <?php   } else { ?>                                                    <td><?php echo($row);?></td>                                            <?php                                                    }                                                    $i++;                                                }                                            ?>                                        </tr>                                        <?php                                             }                                        ?>                                    </tbody>                                </table>                            </div>                        </div>                        <div class=modal-footer>                            <button type=button class=\'tm-radio-delete btn btn-danger\'>Delete Selected</button>                            <button data-dismiss=modal type=button class=\'tm-modal-close btn btn-primary\'>Submit Selected</button>                        </div>                    </div>                </div>            </div>            <script>                $(\'.tm-modal-toggler\').click(function(){                    $(this).parent().find(\'.modal\').modal();                });                $(\'.tm-modal-close\').click(function(){                    $(this).parent().parent().parent().parent().modal(\'hide\');                });                $(\'.tm-radio-input\').click(function(){                    var tds = new Array();                    var class_name = this.className;                    var row = $(this).parent().closest(\'tr\');                    row.find(\'td\').each(function() {                        var count = $(this).children().length;                        if(count == 0) tds.push($(this).html());                    });                    var tds_string = tds.join(\', \');                    $(this).parent().parent().parent().parent().parent().parent().parent().parent().parent().parent().parent().parent().parent().parent().find(\'.tm-modal-toggler\').val(tds_string);                });                $(\'.tm-radio-delete\').click(function(){                    $(this).parent().parent().find(\'.tm-radio-input\').prop(\'checked\', false);                    $(this).parent().parent().parent().parent().parent().find(\'.tm-modal-toggler\').val(\'\');                });                $(\'.readonly\').on(\'keydown paste\', function(e) {                    $(this).preventDefault();                });            </script><input class=subform-input type=hidden value=tablemodal></div></div>','tablemodal','2021-06-22 02:49:52','2021-06-22 02:49:52'),
(127,58,'<div id=card-input-0 data-required=Yes data-key=teks data-id=0 class=card-input><div class=form-group><label>teks</label><input class=\'subform-input form-control\' type=text  placeholder=text required><input class=subform-input type=hidden value=teks></div></div>','teks','2021-06-22 02:50:53','2021-06-22 02:50:53'),
(128,58,'<div id=card-input-1 data-required=Yes data-key=datetime data-id=1 class=card-input><div class=form-group><label>datetime</label><input class=\'subform-input form-control\' type=datetime-local  placeholder=datetime-local required><input class=subform-input type=hidden value=datetime></div></div>','datetime','2021-06-22 02:50:53','2021-06-22 02:50:53');

/*Table structure for table `sub_forms` */

DROP TABLE IF EXISTS `sub_forms`;

CREATE TABLE `sub_forms` (
  `id` bigint(20) NOT NULL AUTO_INCREMENT,
  `form_id` bigint(20) DEFAULT NULL,
  `title` varchar(50) DEFAULT NULL,
  `description` varchar(200) DEFAULT NULL,
  `sub_form_name` varchar(100) DEFAULT NULL,
  `created_at` timestamp NOT NULL DEFAULT current_timestamp(),
  `updated_at` timestamp NOT NULL DEFAULT current_timestamp(),
  `html_key` int(8) DEFAULT NULL,
  `form_input_id` bigint(20) DEFAULT NULL,
  PRIMARY KEY (`id`),
  KEY `form_id` (`form_id`),
  KEY `form_input_id` (`form_input_id`),
  CONSTRAINT `sub_forms_ibfk_1` FOREIGN KEY (`form_id`) REFERENCES `forms` (`id`),
  CONSTRAINT `sub_forms_ibfk_2` FOREIGN KEY (`form_input_id`) REFERENCES `form_inputs` (`id`)
) ENGINE=InnoDB AUTO_INCREMENT=59 DEFAULT CHARSET=latin1;

/*Data for the table `sub_forms` */

insert  into `sub_forms`(`id`,`form_id`,`title`,`description`,`sub_form_name`,`created_at`,`updated_at`,`html_key`,`form_input_id`) values 
(57,161,'subform',NULL,'subform1','2021-06-22 02:49:51','2021-06-22 02:49:51',1000,486),
(58,161,'subform2',NULL,'subform2','2021-06-22 02:50:53','2021-06-22 02:50:53',1001,487);

/*Table structure for table `users` */

DROP TABLE IF EXISTS `users`;

CREATE TABLE `users` (
  `id` bigint(20) unsigned NOT NULL AUTO_INCREMENT,
  `name` varchar(255) COLLATE utf8mb4_unicode_ci NOT NULL,
  `email` varchar(255) COLLATE utf8mb4_unicode_ci NOT NULL,
  `email_verified_at` timestamp NULL DEFAULT NULL,
  `password` varchar(255) COLLATE utf8mb4_unicode_ci NOT NULL,
  `remember_token` varchar(100) COLLATE utf8mb4_unicode_ci DEFAULT NULL,
  `created_at` timestamp NULL DEFAULT current_timestamp(),
  `updated_at` timestamp NULL DEFAULT current_timestamp(),
  PRIMARY KEY (`id`)
) ENGINE=InnoDB AUTO_INCREMENT=11 DEFAULT CHARSET=utf8mb4 COLLATE=utf8mb4_unicode_ci;

/*Data for the table `users` */

insert  into `users`(`id`,`name`,`email`,`email_verified_at`,`password`,`remember_token`,`created_at`,`updated_at`) values 
(5,'Yanamon','gusyana124@gmail.com',NULL,'$2y$10$hEpqb.ZEFSmiXsgV7KcCr.dT89t6V5oYIB0RFEN5jF2OTHX6AxGkC','IYUfLiBLAsirj6511KUm092AVcRc1HjpmyZAHZcKbooB4ibGPvWKi5GltD2v','2019-10-09 11:55:11','2019-10-09 11:55:11'),
(6,'Alit Dwipayana','alitdwipayana@gmail.com',NULL,'$2y$10$.uxPve2NJ/2UZj65J1GiceeBdsTLLlx/Wsgzr.LSL4rl2RTj.T0x6',NULL,'2020-09-13 20:51:09','2020-09-13 20:51:09'),
(7,'Wayan','wayan@a.com',NULL,'$2y$10$UsGOK5n4PCq3c5MInvvP/OyrycI2Avysb9qpYxS9Y2POlqR4V0zR2',NULL,'2020-10-26 15:43:18','2020-10-26 15:43:18'),
(8,'namon','a@b.c',NULL,'$2y$10$i/7vBJty8oH0SfeSMt5VUew.4ZIHDs8SO345pyBsT4kLiEm8vf.xS',NULL,'2021-01-17 22:28:31','2021-01-17 22:28:31'),
(9,'Ida Bagus Alit','alitdwi123@gmail.com',NULL,'$2y$10$quWCJjsmGJ/NHUga6efg3.dzeb2CRpVwZu7rw0H6ZBM8ZBziuS8xy','MGIRoNgwbhQbBzBfykKPSQhG2YNxdVAdAHRMo6IljcJ2oYC1XDp67DExzHn3','2021-01-18 01:22:06','2021-01-18 01:22:06'),
(10,'abcd','ab@c.d',NULL,'$2y$10$/sW8sVCL420iOpGCccsC2u79DYV/iYsFu2NzGnVZ79m/JKvBU6fOe',NULL,'2021-06-08 05:18:28','2021-06-08 05:18:28');

/*!40101 SET SQL_MODE=@OLD_SQL_MODE */;
/*!40014 SET FOREIGN_KEY_CHECKS=@OLD_FOREIGN_KEY_CHECKS */;
/*!40014 SET UNIQUE_CHECKS=@OLD_UNIQUE_CHECKS */;
/*!40111 SET SQL_NOTES=@OLD_SQL_NOTES */;
